bar_time,signal,win_prob,state_prob,dir_prob,hmm_state,atr20_pct,blocked_by,in_range_phase,H1_ADX,H4_ADX,H1_DI_diff,H4_DI_diff,h1_adx_slope,h4_adx_slope,reason
2025-08-25 01:00:00,SKIP,0.3544,0.4286,0.3731,Trending,,range,1,47.91,30.11,18.66,20.34,8.28985,1.067342,prob 35.44% < threshold 45.00% (Trending)
2025-08-25 01:15:00,SKIP,0.3544,0.4286,0.3731,Trending,,range,1,47.91,30.11,18.66,20.34,4.774519,0.968695,prob 35.44% < threshold 45.00% (Trending)
2025-08-25 01:30:00,SKIP,0.3544,0.4286,0.3731,Trending,,range,1,47.91,30.11,18.66,20.34,5.319968,1.099203,prob 35.44% < threshold 45.00% (Trending)
2025-08-25 01:45:00,SKIP,0.3527,0.4286,0.3731,Trending,,range,1,47.91,30.11,18.66,20.34,3.583872,0.77352,prob 35.27% < threshold 45.00% (Trending)
2025-08-25 02:00:00,SKIP,0.3544,0.4286,0.3731,Trending,,range,1,46.41,30.11,17.05,20.34,6.320174,0.8039,prob 35.44% < threshold 45.00% (Trending)
2025-08-25 02:15:00,SKIP,0.3544,0.4286,0.3731,Trending,,range,1,46.41,30.11,17.05,20.34,3.187538,1.156242,prob 35.44% < threshold 45.00% (Trending)
2025-08-25 02:30:00,SKIP,0.3544,0.4286,0.3731,Trending,,range,1,46.41,30.11,17.05,20.34,3.803511,0.948587,prob 35.44% < threshold 45.00% (Trending)
2025-08-25 02:45:00,SKIP,0.377,0.4286,0.6,Trending,,range,1,46.41,30.11,17.05,20.34,2.136606,0.610364,prob 37.70% < threshold 45.00% (Trending)
2025-08-25 03:00:00,SKIP,0.3428,0.375,0.3731,Trending,,range,1,42.82,30.11,9.09,20.34,4.49119,0.452279,prob 34.28% < threshold 45.00% (Trending)
2025-08-25 03:15:00,SKIP,0.2733,0.0,0.3731,Trending,,range,1,42.82,30.11,9.09,20.34,2.129156,0.554258,prob 27.33% < threshold 45.00% (Trending)
2025-08-25 03:30:00,SKIP,0.2733,0.0,0.3731,Trending,,range,1,42.82,30.11,9.09,20.34,3.090653,0.487723,prob 27.33% < threshold 45.00% (Trending)
2025-08-25 03:45:00,SKIP,0.3311,0.3333,0.3333,Trending,,range,1,42.82,30.11,9.09,20.34,1.466354,1.075091,prob 33.11% < threshold 45.00% (Trending)
2025-08-25 04:00:00,SKIP,0.3428,0.375,0.3731,Trending,,range,1,37.98,29.69,2.97,15.15,2.590776,0.82226,prob 34.28% < threshold 45.00% (Trending)
2025-08-25 04:15:00,SKIP,0.3428,0.375,0.3731,Trending,,range,1,37.98,29.69,2.97,15.15,1.309766,0.845741,prob 34.28% < threshold 45.00% (Trending)
2025-08-25 04:30:00,SKIP,0.3384,0.3768,0.2308,Trending,,range,1,37.98,29.69,2.97,15.15,2.175947,0.767534,prob 33.84% < threshold 45.00% (Trending)
2025-08-25 04:45:00,SKIP,0.3262,0.375,0.2308,Trending,,range,1,37.98,29.69,2.97,15.15,0.359967,0.312821,prob 32.62% < threshold 45.00% (Trending)
2025-08-25 05:00:00,SKIP,0.3196,0.3333,0.2308,Trending,,range,1,33.18,29.69,0.84,15.15,0.298386,0.268344,prob 31.96% < threshold 45.00% (Trending)
2025-08-25 05:15:00,SKIP,0.3215,0.345,0.2308,Trending,,range,1,33.18,29.69,0.84,15.15,0.144983,0.243909,prob 32.15% < threshold 45.00% (Trending)
2025-08-25 05:30:00,SKIP,0.3368,0.3333,0.3731,Trending,,range,1,33.18,29.69,0.84,15.15,0.941597,0.351755,prob 33.68% < threshold 45.00% (Trending)
2025-08-25 05:45:00,SKIP,0.3394,0.3333,0.4167,Trending,,range,1,33.18,29.69,0.84,15.15,-0.329845,0.115806,prob 33.94% < threshold 45.00% (Trending)
2025-08-25 06:00:00,SKIP,0.3716,0.3994,0.6,Trending,,range,1,30.79,29.69,6.91,15.15,-1.100699,0.151251,prob 37.16% < threshold 45.00% (Trending)
2025-08-25 06:15:00,SKIP,0.3654,0.375,0.6,Trending,,range,1,30.79,29.69,6.91,15.15,-0.606192,0.429259,prob 36.54% < threshold 45.00% (Trending)
2025-08-25 06:30:00,SKIP,0.3488,0.375,0.4167,Trending,,range,1,30.79,29.69,6.91,15.15,0.322793,0.244301,prob 34.88% < threshold 45.00% (Trending)
2025-08-25 06:45:00,SKIP,0.3411,0.3333,0.4167,Trending,,range,1,30.79,29.69,6.91,15.15,-0.624194,-0.054873,prob 34.11% < threshold 45.00% (Trending)
2025-08-25 07:00:00,SKIP,0.3447,0.385,0.3731,Trending,,range,1,28.45,29.69,5.56,15.15,-2.006301,-0.195713,prob 34.47% < threshold 45.00% (Trending)
2025-08-25 07:15:00,SKIP,0.339,0.3545,0.3731,Trending,,range,1,28.45,29.69,5.56,15.15,-1.346304,0.062644,prob 33.90% < threshold 45.00% (Trending)
2025-08-25 07:30:00,SKIP,0.3445,0.375,0.3731,Trending,,range,1,28.45,29.69,5.56,15.15,-0.411588,0.011568,prob 34.45% < threshold 45.00% (Trending)
2025-08-25 07:45:00,SKIP,0.3445,0.375,0.3731,Trending,,range,1,28.45,29.69,5.56,15.15,-1.093444,0.53886,prob 34.45% < threshold 45.00% (Trending)
2025-08-25 08:00:00,SKIP,0.3351,0.3333,0.3731,Trending,,range,1,25.75,29.65,3.38,15.92,-2.258011,0.422868,prob 33.51% < threshold 45.00% (Trending)
2025-08-25 08:15:00,SKIP,0.3241,0.3333,0.2632,Trending,,range,1,25.75,29.65,3.38,15.92,-1.786883,0.449301,prob 32.41% < threshold 45.00% (Trending)
2025-08-25 08:30:00,SKIP,0.2694,0.0,0.3333,Trending,,range,1,25.75,29.65,3.38,15.92,-0.866211,0.377098,prob 26.94% < threshold 45.00% (Trending)
2025-08-25 08:45:00,SKIP,0.3087,0.25,0.2632,Ranging,,range,1,25.75,29.65,3.38,15.92,-1.067697,0.09977,prob 30.87% < threshold 48.00% (Ranging)
2025-08-25 09:00:00,SKIP,0.3588,0.4286,0.4167,Trending,,range,1,25.69,29.65,11.2,15.92,-2.142955,0.167943,prob 35.88% < threshold 45.00% (Trending)
2025-08-25 09:15:00,SKIP,0.361,0.4286,0.4389,Trending,,range,1,25.69,29.65,11.2,15.92,-1.727114,0.226487,prob 36.10% < threshold 45.00% (Trending)
2025-08-25 09:30:00,SKIP,0.377,0.4286,0.6,Trending,,range,1,25.69,29.65,11.2,15.92,-0.182082,0.32663,prob 37.70% < threshold 45.00% (Trending)
2025-08-25 09:45:00,SKIP,0.377,0.4286,0.6,Trending,,range,1,25.69,29.65,11.2,15.92,-0.292423,0.107534,prob 37.70% < threshold 45.00% (Trending)
2025-08-25 10:00:00,SKIP,0.3588,0.4286,0.4167,Trending,,range,1,25.84,29.65,10.96,15.92,-1.355207,0.140447,prob 35.88% < threshold 45.00% (Trending)
2025-08-25 10:15:00,SKIP,0.3087,0.1818,0.3731,Ranging,,range,1,25.84,29.65,10.96,15.92,-1.453514,0.398598,prob 30.87% < threshold 48.00% (Ranging)
2025-08-25 10:30:00,SKIP,0.3533,0.4286,0.3731,Trending,,range,1,25.84,29.65,10.96,15.92,0.244986,0.226851,prob 35.33% < threshold 45.00% (Trending)
2025-08-25 10:45:00,SKIP,0.3452,0.3879,0.3731,Trending,,range,1,25.84,29.65,10.96,15.92,0.182061,-0.050954,prob 34.52% < threshold 45.00% (Trending)
2025-08-25 11:00:00,SKIP,0.303,0.1818,0.3333,Ranging,,range,1,23.38,29.65,3.27,15.92,-0.971175,-0.169548,prob 30.30% < threshold 48.00% (Ranging)
2025-08-25 11:15:00,SKIP,0.3049,0.25,0.2308,Ranging,,range,1,23.38,29.65,3.27,15.92,-1.716699,0.178015,prob 30.49% < threshold 48.00% (Ranging)
2025-08-25 11:30:00,SKIP,0.296,0.1818,0.2632,Ranging,,range,1,23.38,29.65,3.27,15.92,-0.073278,0.126761,prob 29.60% < threshold 48.00% (Ranging)
2025-08-25 11:45:00,SKIP,0.296,0.1818,0.2632,Ranging,,range,1,23.38,29.65,3.27,15.92,-0.17496,0.607066,prob 29.60% < threshold 48.00% (Ranging)
2025-08-25 12:00:00,SKIP,0.296,0.1818,0.2632,Ranging,,range,1,20.64,29.97,-1.15,16.07,-1.183194,0.50053,prob 29.60% < threshold 48.00% (Ranging)
2025-08-25 12:15:00,SKIP,0.296,0.1818,0.2632,Ranging,,range,1,20.64,29.97,-1.15,16.07,-2.579539,0.525219,prob 29.60% < threshold 48.00% (Ranging)
2025-08-25 12:30:00,SKIP,0.3114,0.1818,0.4167,Ranging,,range,1,20.64,29.97,-1.15,16.07,-0.82747,0.458805,prob 31.14% < threshold 48.00% (Ranging)
2025-08-25 12:45:00,SKIP,0.344,0.25,0.6,Ranging,,range,1,20.64,29.97,-1.15,16.07,-0.848666,0.203471,prob 34.40% < threshold 48.00% (Ranging)
2025-08-25 13:00:00,SKIP,0.3773,0.4302,0.6,Ranging,,range,1,18.0,29.97,0.32,16.07,-1.574505,0.265225,prob 37.73% < threshold 48.00% (Ranging)
2025-08-25 13:15:00,SKIP,0.3571,0.4286,0.4167,Ranging,,range,1,18.0,29.97,0.32,16.07,-2.580924,0.319492,prob 35.71% < threshold 48.00% (Ranging)
2025-08-25 13:30:00,SKIP,0.3604,0.4375,0.4167,Ranging,,range,1,18.0,29.97,0.32,16.07,-1.336648,0.336194,prob 36.04% < threshold 48.00% (Ranging)
2025-08-25 13:45:00,SKIP,0.3527,0.4286,0.3731,Ranging,,range,1,18.0,29.97,0.32,16.07,-1.435208,-0.014759,prob 35.27% < threshold 48.00% (Ranging)
2025-08-25 14:00:00,SKIP,0.3561,0.4375,0.3731,Ranging,,range,1,18.27,29.97,8.15,16.07,-2.338888,0.013906,prob 35.61% < threshold 48.00% (Ranging)
2025-08-25 14:15:00,SKIP,0.3787,0.4375,0.6,Ranging,,range,1,18.27,29.97,8.15,16.07,-2.88326,0.244483,prob 37.87% < threshold 48.00% (Ranging)
2025-08-25 14:30:00,SKIP,0.4136,0.4375,0.4167,Ranging,,range,1,18.27,29.97,8.15,16.07,-1.873243,0.086615,prob 41.36% < threshold 48.00% (Ranging)
2025-08-25 14:45:00,SKIP,0.4326,0.4375,0.4167,Ranging,,range,1,18.27,29.97,8.15,16.07,-1.794827,-0.168407,prob 43.26% < threshold 48.00% (Ranging)
2025-08-25 15:00:00,SKIP,0.3588,0.4286,0.4167,Ranging,,range,1,16.93,29.97,3.07,16.07,-2.567093,-0.032254,prob 35.88% < threshold 48.00% (Ranging)
2025-08-25 15:15:00,SKIP,0.3588,0.4286,0.4167,Ranging,,range,1,16.93,29.97,3.07,16.07,-2.292668,0.282758,prob 35.88% < threshold 48.00% (Ranging)
2025-08-25 15:30:00,SKIP,0.3329,0.4286,0.2308,Ranging,,range,1,16.93,29.97,3.07,16.07,-1.290125,0.231537,prob 33.29% < threshold 48.00% (Ranging)
2025-08-25 15:45:00,SKIP,0.3343,0.4375,0.2308,Ranging,,range,1,16.93,29.97,3.07,16.07,-1.18613,0.668421,prob 33.43% < threshold 48.00% (Ranging)
2025-08-25 16:00:00,SKIP,0.3418,0.4286,0.2632,Ranging,,range,1,15.58,31.21,-2.31,18.73,-2.522619,0.570688,prob 34.18% < threshold 48.00% (Ranging)
2025-08-25 16:15:00,SKIP,0.3418,0.4286,0.2632,Ranging,,range,1,15.58,31.21,-2.31,18.73,-2.255457,0.593786,prob 34.18% < threshold 48.00% (Ranging)
2025-08-25 16:30:00,SKIP,0.3775,0.4286,0.6042,Ranging,,range,1,15.58,31.21,-2.31,18.73,-1.786656,0.532731,prob 37.75% < threshold 48.00% (Ranging)
2025-08-25 16:45:00,SKIP,0.4513,0.4375,0.6042,Ranging,,range,1,15.58,31.21,-2.31,18.73,-1.133457,0.297901,prob 45.13% < threshold 48.00% (Ranging)
2025-08-25 17:00:00,BUY,0.6779,0.4375,0.6042,Ranging,,range,1,16.03,31.21,7.36,18.73,-2.646364,0.353739,prob=67.79% | model=combined(70%)+state(ranging)+dir(BUY)(30%) | state=Ranging | vol=normal | slot_wr=57.14%
2025-08-25 17:15:00,SKIP,0.4513,0.4375,0.6042,Ranging,,range,1,16.03,31.21,7.36,18.73,-2.061225,0.568592,prob 45.13% < threshold 48.00% (Ranging)
2025-08-25 17:30:00,SKIP,0.4497,0.4286,0.6042,Trending,,range,1,16.03,31.21,7.36,18.73,-1.957556,0.591316,prob 44.97% < threshold 45.00% (Trending)
2025-08-25 17:45:00,SKIP,0.4497,0.4286,0.6042,Trending,,range,1,16.03,31.21,7.36,18.73,-0.510568,0.313633,prob 44.97% < threshold 45.00% (Trending)
2025-08-25 18:00:00,SKIP,0.377,0.4286,0.6,Trending,,range,1,16.98,31.21,8.49,18.73,-2.091399,0.411545,prob 37.70% < threshold 45.00% (Trending)
2025-08-25 18:15:00,SKIP,0.3775,0.4286,0.6042,Trending,,range,1,16.98,31.21,8.49,18.73,-1.593196,0.690299,prob 37.75% < threshold 45.00% (Trending)
2025-08-25 18:30:00,SKIP,0.3571,0.4286,0.4167,Trending,,range,1,16.98,31.21,8.49,18.73,-1.837177,0.572531,prob 35.71% < threshold 45.00% (Trending)
2025-08-25 18:45:00,SKIP,0.3588,0.4286,0.4167,Trending,,range,1,16.98,31.21,8.49,18.73,0.064457,0.313079,prob 35.88% < threshold 45.00% (Trending)
2025-08-25 19:00:00,SKIP,0.3585,0.4286,0.4167,Trending,,range,1,17.59,31.21,7.5,18.73,-1.967069,0.323191,prob 35.85% < threshold 45.00% (Trending)
2025-08-25 19:15:00,SKIP,0.3588,0.4286,0.4167,Trending,,range,1,17.59,31.21,7.5,18.73,-1.65866,0.594701,prob 35.88% < threshold 45.00% (Trending)
2025-08-25 19:30:00,SKIP,0.377,0.4286,0.6,Ranging,,range,1,17.59,31.21,7.5,18.73,-2.17267,0.537538,prob 37.70% < threshold 48.00% (Ranging)
2025-08-25 19:45:00,SKIP,0.3588,0.4286,0.4167,Ranging,,range,1,17.59,31.21,7.5,18.73,0.330484,0.917574,prob 35.88% < threshold 48.00% (Ranging)
2025-08-25 20:00:00,SKIP,0.3588,0.4286,0.4167,Ranging,,range,1,17.05,32.29,4.5,16.56,-1.510838,0.830438,prob 35.88% < threshold 48.00% (Ranging)
2025-08-25 20:15:00,SKIP,0.3588,0.4286,0.4167,Trending,,range,1,17.05,32.29,4.5,16.56,-0.641036,0.852548,prob 35.88% < threshold 45.00% (Trending)
2025-08-25 20:30:00,SKIP,0.3544,0.4286,0.3731,Ranging,,range,1,17.05,32.29,4.5,16.56,-1.009915,0.797566,prob 35.44% < threshold 48.00% (Ranging)
2025-08-25 20:45:00,SKIP,0.3561,0.4375,0.3731,Ranging,,range,1,17.05,32.29,4.5,16.56,1.323256,0.586595,prob 35.61% < threshold 48.00% (Ranging)
2025-08-25 21:00:00,SKIP,0.307,0.1818,0.3731,Ranging,,range,1,15.23,32.29,1.12,16.56,-0.805362,0.634262,prob 30.70% < threshold 48.00% (Ranging)
2025-08-25 21:15:00,SKIP,0.3104,0.1818,0.4068,Ranging,,range,1,15.23,32.29,1.12,16.56,-0.718928,0.656301,prob 31.04% < threshold 48.00% (Ranging)
2025-08-25 21:30:00,SKIP,0.307,0.1818,0.3731,Ranging,,range,1,15.23,32.29,1.12,16.56,-1.068744,0.680563,prob 30.70% < threshold 48.00% (Ranging)
2025-08-25 21:45:00,SKIP,0.296,0.1818,0.2632,Ranging,,range,1,15.23,32.29,1.12,16.56,1.068004,0.424669,prob 29.60% < threshold 48.00% (Ranging)
2025-08-25 22:00:00,SKIP,0.3418,0.4286,0.2632,Ranging,,range,1,16.94,32.29,-11.37,16.56,-1.236397,0.438802,prob 34.18% < threshold 48.00% (Ranging)
2025-08-25 22:15:00,SKIP,0.296,0.1818,0.2632,Ranging,,range,1,16.94,32.29,-11.37,16.56,-1.777667,0.65275,prob 29.60% < threshold 48.00% (Ranging)
2025-08-25 22:30:00,SKIP,0.296,0.1818,0.2632,Ranging,,range,1,16.94,32.29,-11.37,16.56,-2.117065,0.531636,prob 29.60% < threshold 48.00% (Ranging)
2025-08-25 22:45:00,SKIP,0.3049,0.25,0.2308,Ranging,,range,1,16.94,32.29,-11.37,16.56,-0.320719,0.290716,prob 30.49% < threshold 48.00% (Ranging)
2025-08-25 23:00:00,SKIP,0.2934,0.1765,0.2308,Ranging,,range,1,19.06,32.29,-13.52,16.56,-2.619693,0.300106,prob 29.34% < threshold 48.00% (Ranging)
2025-08-25 23:15:00,SKIP,0.2898,0.1818,0.1961,Ranging,,range,1,19.06,32.29,-13.52,16.56,-3.603546,0.552222,prob 28.98% < threshold 48.00% (Ranging)
2025-08-25 23:30:00,SKIP,0.2703,0.0577,0.1961,Ranging,,range,1,19.06,32.29,-13.52,16.56,-3.903468,0.499142,prob 27.03% < threshold 48.00% (Ranging)
2025-08-25 23:45:00,SKIP,0.2691,0.05,0.1961,Ranging,,range,1,19.06,32.29,-13.52,16.56,-2.236736,0.852033,prob 26.91% < threshold 48.00% (Ranging)
2025-08-26 01:00:00,SKIP,0.4129,0.4242,0.3333,Volatile,,,0,19.39,28.01,-8.68,0.06,-3.637339,0.771121,prob 41.29% < threshold 42.00% (Volatile)
2025-08-26 01:15:00,SKIP,0.4148,0.4242,0.2632,Volatile,,,0,19.39,28.01,-8.68,0.06,-5.332587,0.791652,prob 41.48% < threshold 42.00% (Volatile)
2025-08-26 01:30:00,SKIP,0.4028,0.4242,0.1429,Volatile,,,0,19.39,28.01,-8.68,0.06,-5.604178,0.740597,prob 40.28% < threshold 42.00% (Volatile)
2025-08-26 01:45:00,SELL,0.6326,0.4242,0.2308,Volatile,,,0,19.39,28.01,-8.68,0.06,-4.08558,0.24208,prob=63.26% | model=combined(70%)+state(volatile)+dir(SELL)(30%) | state=Volatile | vol=normal | slot_wr=38.78%
2025-08-26 02:00:00,SELL,0.7152,0.5487,0.7222,Volatile,,,0,25.03,28.01,-35.26,0.06,-4.626569,0.007481,prob=71.52% | model=combined(70%)+state(volatile)+dir(SELL)(30%) | state=Volatile | vol=normal | slot_wr=39.47%
2025-08-26 02:15:00,SELL,0.7152,0.5487,0.7222,Volatile,,ctf_fade,0,25.03,28.01,-35.26,0.06,-5.273423,-0.518166,prob=71.52% | model=combined(70%)+state(volatile)+dir(SELL)(30%) | state=Volatile | vol=normal | slot_wr=39.47%
2025-08-26 02:30:00,SELL,0.4873,0.5399,0.7222,Volatile,,ctf_fade,0,25.03,28.01,-35.26,0.06,-5.26068,-1.001973,prob=48.73% | model=combined(70%)+state(volatile)+dir(SELL)(30%) | state=Volatile | vol=normal | slot_wr=39.47%
2025-08-26 02:45:00,SELL,0.4517,0.4242,0.7222,Volatile,,ctf_fade,0,25.03,28.01,-35.26,0.06,-3.774221,-1.21011,prob=45.17% | model=combined(70%)+state(volatile)+dir(SELL)(30%) | state=Volatile | vol=normal | slot_wr=39.47%
2025-08-26 03:00:00,BUY,0.6762,0.4286,0.6042,Trending,,,0,24.72,28.01,13.65,0.06,-3.030186,-1.297762,prob=67.62% | model=combined(70%)+state(trending)+dir(BUY)(30%) | state=Trending | vol=normal | slot_wr=33.33%
2025-08-26 03:15:00,BUY,0.6762,0.4286,0.6042,Trending,,,0,24.72,28.01,13.65,0.06,-3.447221,-1.195339,prob=67.62% | model=combined(70%)+state(trending)+dir(BUY)(30%) | state=Trending | vol=normal | slot_wr=33.33%
2025-08-26 03:30:00,BUY,0.6762,0.4286,0.6042,Trending,,,0,24.72,28.01,13.65,0.06,-5.106746,-1.268745,prob=67.62% | model=combined(70%)+state(trending)+dir(BUY)(30%) | state=Trending | vol=normal | slot_wr=33.33%
2025-08-26 03:45:00,BUY,0.6762,0.4286,0.6042,Trending,,,0,24.72,28.01,13.65,0.06,-3.568902,-1.291663,prob=67.62% | model=combined(70%)+state(trending)+dir(BUY)(30%) | state=Trending | vol=normal | slot_wr=33.33%
2025-08-26 04:00:00,SKIP,0.3445,0.375,0.3731,Trending,,range,1,24.45,24.29,11.23,0.05,-1.681138,-1.240762,prob 34.45% < threshold 45.00% (Trending)
2025-08-26 04:15:00,SKIP,0.3328,0.3333,0.3333,Trending,,range,1,24.45,24.29,11.23,0.05,-2.782109,-0.981311,prob 33.28% < threshold 45.00% (Trending)
2025-08-26 04:30:00,SKIP,0.3241,0.3333,0.2632,Trending,,range,1,24.45,24.29,11.23,0.05,-3.43075,-0.968584,prob 32.41% < threshold 45.00% (Trending)
2025-08-26 04:45:00,SKIP,0.3299,0.3643,0.2632,Trending,,range,1,24.45,24.29,11.23,0.05,-2.302499,-0.689111,prob 32.99% < threshold 45.00% (Trending)
2025-08-26 05:00:00,SKIP,0.2733,0.0,0.3731,Trending,,range,1,24.21,24.29,10.25,0.05,-0.646621,-0.708445,prob 27.33% < threshold 45.00% (Trending)
2025-08-26 05:15:00,SKIP,0.2733,0.0,0.3731,Trending,,range,1,24.21,24.29,10.25,0.05,-2.079684,-0.673558,prob 27.33% < threshold 45.00% (Trending)
2025-08-26 05:30:00,SKIP,0.2624,0.0,0.2632,Trending,,range,1,24.21,24.29,10.25,0.05,-1.894055,1.472659,prob 26.24% < threshold 45.00% (Trending)
2025-08-26 05:45:00,SKIP,0.2624,0.0,0.2632,Trending,,range,1,24.21,24.29,10.25,0.05,-0.925351,1.053975,prob 26.24% < threshold 45.00% (Trending)
2025-08-26 06:00:00,SKIP,0.296,0.1818,0.2632,Ranging,,range,1,22.38,24.29,4.82,0.05,0.611363,0.843522,prob 29.60% < threshold 48.00% (Ranging)
2025-08-26 06:15:00,SKIP,0.296,0.1818,0.2632,Ranging,,range,1,22.38,24.29,4.82,0.05,-3.000329,0.384292,prob 29.60% < threshold 48.00% (Ranging)
2025-08-26 06:30:00,SKIP,0.296,0.1818,0.2632,Ranging,,range,1,22.38,24.29,4.82,0.05,-2.372933,0.005452,prob 29.60% < threshold 48.00% (Ranging)
2025-08-26 06:45:00,SKIP,0.296,0.1818,0.2632,Ranging,,range,1,22.38,24.29,4.82,0.05,-1.96873,-0.259917,prob 29.60% < threshold 48.00% (Ranging)
2025-08-26 07:00:00,SKIP,0.3561,0.4375,0.3731,Ranging,,range,1,22.18,24.29,9.71,0.05,-0.935105,-0.157307,prob 35.61% < threshold 48.00% (Ranging)
2025-08-26 07:15:00,SKIP,0.3561,0.4375,0.3731,Ranging,,range,1,22.18,24.29,9.71,0.05,-4.967631,0.032147,prob 35.61% < threshold 48.00% (Ranging)
2025-08-26 07:30:00,SKIP,0.3561,0.4375,0.3731,Ranging,,range,1,22.18,24.29,9.71,0.05,-1.937957,-0.66419,prob 35.61% < threshold 48.00% (Ranging)
2025-08-26 07:45:00,SKIP,0.3561,0.4375,0.3731,Ranging,,range,1,22.18,24.29,9.71,0.05,-1.64575,-0.993818,prob 35.61% < threshold 48.00% (Ranging)
2025-08-26 08:00:00,SKIP,0.3527,0.4286,0.3731,Ranging,,range,1,22.04,21.96,8.82,-2.29,-0.942243,-1.152136,prob 35.27% < threshold 48.00% (Ranging)
2025-08-26 08:15:00,SKIP,0.3087,0.25,0.2632,Ranging,,range,1,22.04,21.96,8.82,-2.29,-4.161017,-0.911217,prob 30.87% < threshold 48.00% (Ranging)
2025-08-26 08:30:00,SKIP,0.296,0.1818,0.2632,Ranging,,range,1,22.04,21.96,8.82,-2.29,-1.8629,-0.8994,prob 29.60% < threshold 48.00% (Ranging)
2025-08-26 08:45:00,SKIP,0.3418,0.4286,0.2632,Ranging,,range,1,22.04,21.96,8.82,-2.29,-1.625154,-0.639888,prob 34.18% < threshold 48.00% (Ranging)
2025-08-26 09:00:00,SKIP,0.3527,0.4286,0.3731,Ranging,,range,1,21.91,21.96,8.05,-2.29,-0.938644,-0.657842,prob 35.27% < threshold 48.00% (Ranging)
2025-08-26 09:15:00,SKIP,0.296,0.1818,0.2632,Ranging,,range,1,21.91,21.96,8.05,-2.29,-3.566111,-0.625446,prob 29.60% < threshold 48.00% (Ranging)
2025-08-26 09:30:00,SKIP,0.303,0.1818,0.3333,Ranging,,range,1,21.91,21.96,8.05,-2.29,-1.752925,1.367469,prob 30.30% < threshold 48.00% (Ranging)
2025-08-26 09:45:00,SKIP,0.303,0.1818,0.3333,Ranging,,range,1,21.91,21.96,8.05,-2.29,-1.60603,0.978691,prob 30.30% < threshold 48.00% (Ranging)
2025-08-26 10:00:00,SKIP,0.2698,0.1818,0.0,Ranging,,range,1,19.56,21.96,-1.67,-2.29,-0.935301,0.78327,prob 26.98% < threshold 48.00% (Ranging)
2025-08-26 10:15:00,SKIP,0.2767,0.1818,0.0692,Ranging,,range,1,19.56,21.96,-1.67,-2.29,-3.139324,0.356843,prob 27.67% < threshold 48.00% (Ranging)
2025-08-26 10:30:00,SKIP,0.3196,0.25,0.3731,Ranging,,range,1,19.56,21.96,-1.67,-2.29,-2.307877,0.005063,prob 31.96% < threshold 48.00% (Ranging)
2025-08-26 10:45:00,SKIP,0.307,0.1818,0.3731,Ranging,,range,1,19.56,21.96,-1.67,-2.29,-2.022005,-0.241351,prob 30.70% < threshold 48.00% (Ranging)
2025-08-26 11:00:00,SKIP,0.3527,0.4286,0.3731,Ranging,,range,1,17.07,21.96,-0.33,-2.29,-1.384452,-0.146071,prob 35.27% < threshold 48.00% (Ranging)
2025-08-26 11:15:00,SKIP,0.3563,0.4242,0.4167,Volatile,,range,1,17.07,21.96,-0.33,-2.29,-3.00011,-0.104657,prob 35.63% < threshold 42.00% (Volatile)
2025-08-26 11:30:00,SKIP,0.3174,0.2381,0.3731,Volatile,,range,1,17.07,21.96,-0.33,-2.29,-2.545402,-0.864108,prob 31.74% < threshold 42.00% (Volatile)
2025-08-26 11:45:00,SKIP,0.3135,0.2381,0.3333,Volatile,,range,1,17.07,21.96,-0.33,-2.29,-2.414891,-1.169657,prob 31.35% < threshold 42.00% (Volatile)
2025-08-26 12:00:00,SKIP,0.303,0.1818,0.3333,Ranging,,range,1,18.01,19.75,-10.11,-1.6,-2.134484,-1.153309,prob 30.30% < threshold 48.00% (Ranging)
2025-08-26 12:15:00,SKIP,0.296,0.1818,0.2632,Ranging,,range,1,18.01,19.75,-10.11,-1.6,-3.726314,-1.110771,prob 29.60% < threshold 48.00% (Ranging)
2025-08-26 12:30:00,SKIP,0.2771,0.1818,0.0733,Ranging,,range,1,18.01,19.75,-10.11,-1.6,-3.098799,-1.098649,prob 27.71% < threshold 48.00% (Ranging)
2025-08-26 12:45:00,SKIP,0.2715,0.1818,0.0172,Ranging,,range,1,18.01,19.75,-10.11,-1.6,-3.428915,-0.867632,prob 27.15% < threshold 48.00% (Ranging)
2025-08-26 13:00:00,SKIP,0.2888,0.1818,0.1908,Ranging,,range,1,19.83,19.75,-12.74,-1.6,-2.642463,-0.881237,prob 28.88% < threshold 48.00% (Ranging)
2025-08-26 13:15:00,SKIP,0.284,0.1818,0.1429,Ranging,,range,1,19.83,19.75,-12.74,-1.6,-3.387538,-0.848494,prob 28.40% < threshold 48.00% (Ranging)
2025-08-26 13:30:00,SKIP,0.2986,0.2381,0.1961,Volatile,,range,1,19.83,19.75,-12.74,-1.6,-4.197906,0.928555,prob 29.86% < threshold 42.00% (Volatile)
2025-08-26 13:45:00,SKIP,0.2967,0.25,0.1429,Ranging,,range,1,19.83,19.75,-12.74,-1.6,-3.704592,0.595413,prob 29.67% < threshold 48.00% (Ranging)
2025-08-26 14:00:00,SKIP,0.3587,0.4375,0.4167,Ranging,,range,1,17.97,19.75,-2.5,-1.6,-2.761622,0.430396,prob 35.87% < threshold 48.00% (Ranging)
2025-08-26 14:15:00,SKIP,0.3604,0.4375,0.4167,Ranging,,range,1,17.97,19.75,-2.5,-1.6,-2.284791,0.055635,prob 36.04% < threshold 48.00% (Ranging)
2025-08-26 14:30:00,SKIP,0.3787,0.4375,0.6,Ranging,,range,1,17.97,19.75,-2.5,-1.6,-3.938912,0.059639,prob 37.87% < threshold 48.00% (Ranging)
2025-08-26 14:45:00,SKIP,0.3571,0.4286,0.4167,Ranging,,range,1,17.97,19.75,-2.5,-1.6,-3.727364,-0.165043,prob 35.71% < threshold 48.00% (Ranging)
2025-08-26 15:00:00,SKIP,0.3527,0.4286,0.3731,Ranging,,range,1,16.36,19.75,-2.15,-1.6,-2.788505,-0.05375,prob 35.27% < threshold 48.00% (Ranging)
2025-08-26 15:15:00,SKIP,0.3087,0.25,0.2632,Ranging,,range,1,16.36,19.75,-2.15,-1.6,-1.60239,-0.03969,prob 30.87% < threshold 48.00% (Ranging)
2025-08-26 15:30:00,SKIP,0.3157,0.25,0.3333,Ranging,,range,1,16.36,19.75,-2.15,-1.6,-3.667972,-0.729978,prob 31.57% < threshold 48.00% (Ranging|post-news✅)
2025-08-26 15:45:00,SKIP,0.2957,0.25,0.1335,Ranging,,range,1,16.36,19.75,-2.15,-1.6,-3.960599,-1.042104,prob 29.57% < threshold 48.00% (Ranging)
2025-08-26 16:00:00,SKIP,0.3418,0.4286,0.2632,Ranging,,range,1,15.26,19.8,-2.65,6.6,-2.929703,-1.119023,prob 34.18% < threshold 48.00% (Ranging)
2025-08-26 16:15:00,SKIP,0.3527,0.4286,0.3731,Ranging,,range,1,15.26,19.8,-2.65,6.6,-0.098541,-0.985531,prob 35.27% < threshold 48.00% (Ranging)
2025-08-26 16:30:00,SKIP,0.3527,0.4286,0.3731,Ranging,,range,1,15.26,19.8,-2.65,6.6,-3.925655,-0.975485,prob 35.27% < threshold 48.00% (Ranging)
2025-08-26 16:45:00,SKIP,0.377,0.4375,0.6,Ranging,,range,1,15.26,19.8,-2.65,6.6,-3.054655,-0.763276,prob 37.70% < threshold 48.00% (Ranging)
2025-08-26 17:00:00,SKIP,0.3527,0.4286,0.3731,Ranging,,range,1,13.25,19.8,0.06,6.6,-3.177447,-0.775774,prob 35.27% < threshold 48.00% (Ranging|post-news✅)
2025-08-26 17:15:00,SKIP,0.3544,0.4375,0.3731,Ranging,,range,1,13.25,19.8,0.06,6.6,0.44171,-0.745423,prob 35.44% < threshold 48.00% (Ranging)
2025-08-26 17:30:00,SKIP,0.3529,0.4297,0.3731,Ranging,,range,1,13.25,19.8,0.06,6.6,-3.470464,0.891363,prob 35.29% < threshold 48.00% (Ranging)
2025-08-26 17:45:00,SKIP,0.3791,0.4375,0.6042,Ranging,,range,1,13.25,19.8,0.06,6.6,-2.843953,0.583567,prob 37.91% < threshold 48.00% (Ranging)
2025-08-26 18:00:00,SKIP,0.3775,0.4286,0.6042,Ranging,,range,1,16.49,19.8,15.13,6.6,-3.762087,0.430632,prob 37.75% < threshold 48.00% (Ranging)
2025-08-26 18:15:00,SKIP,0.3444,0.25,0.6042,Ranging,,range,1,16.49,19.8,15.13,6.6,-0.253704,0.206183,prob 34.44% < threshold 48.00% (Ranging)
2025-08-26 18:30:00,SKIP,0.3313,0.1818,0.6,Ranging,,range,1,16.49,19.8,15.13,6.6,-2.986369,0.311523,prob 33.13% < threshold 48.00% (Ranging)
2025-08-26 18:45:00,SKIP,0.3671,0.375,0.6,Trending,,range,1,16.49,19.8,15.13,6.6,-2.180565,0.212988,prob 36.71% < threshold 45.00% (Trending)
2025-08-26 19:00:00,SKIP,0.3667,0.373,0.6,Trending,,range,1,19.3,19.8,13.87,6.6,-1.921372,0.555978,prob 36.67% < threshold 45.00% (Trending)
2025-08-26 19:15:00,SKIP,0.3457,0.3579,0.4167,Trending,,range,1,19.3,19.8,13.87,6.6,-0.264568,0.570869,prob 34.57% < threshold 45.00% (Trending)
2025-08-26 19:30:00,SKIP,0.2777,0.0,0.4167,Trending,,range,1,19.3,19.8,13.87,6.6,-2.035206,0.078971,prob 27.77% < threshold 45.00% (Trending)
2025-08-26 19:45:00,SKIP,0.2777,0.0,0.4167,Trending,,range,1,19.3,19.8,13.87,6.6,-1.047001,-0.130561,prob 27.77% < threshold 45.00% (Trending)
2025-08-26 20:00:00,SKIP,0.3445,0.375,0.3731,Trending,,range,1,20.88,21.04,11.15,9.49,-0.212136,-0.216006,prob 34.45% < threshold 45.00% (Trending)
2025-08-26 20:15:00,SKIP,0.3506,0.4172,0.3731,Trending,,range,1,20.88,21.04,11.15,9.49,-1.075734,-0.048102,prob 35.06% < threshold 45.00% (Trending)
2025-08-26 20:30:00,SKIP,0.3428,0.375,0.3731,Trending,,range,1,20.88,21.04,11.15,9.49,-0.701121,-0.059982,prob 34.28% < threshold 45.00% (Trending)
2025-08-26 20:45:00,SKIP,0.3351,0.3333,0.3731,Trending,,range,1,20.88,21.04,11.15,9.49,-0.85769,0.093982,prob 33.51% < threshold 45.00% (Trending)
2025-08-26 21:00:00,SKIP,0.307,0.1818,0.3731,Ranging,,range,1,21.04,21.04,7.67,9.49,1.084408,0.085396,prob 30.70% < threshold 48.00% (Ranging)
2025-08-26 21:15:00,SKIP,0.2733,0.0,0.3731,Ranging,,range,1,21.04,21.04,7.67,9.49,-2.258944,0.113158,prob 27.33% < threshold 48.00% (Ranging)
2025-08-26 21:30:00,SKIP,0.3114,0.1818,0.4167,Ranging,,range,1,21.04,21.04,7.67,9.49,0.031787,1.380347,prob 31.14% < threshold 48.00% (Ranging)
2025-08-26 21:45:00,SKIP,0.3114,0.1818,0.4167,Ranging,,range,1,21.04,21.04,7.67,9.49,-0.950953,1.127593,prob 31.14% < threshold 48.00% (Ranging)
2025-08-26 22:00:00,SKIP,0.3627,0.3512,0.6,Trending,,range,1,23.63,21.04,16.38,9.49,2.002113,0.993327,prob 36.27% < threshold 45.00% (Trending)
2025-08-26 22:15:00,SKIP,0.3265,0.1555,0.6,Trending,,range,1,23.63,21.04,16.38,9.49,-2.033921,0.67694,prob 32.65% < threshold 45.00% (Trending)
2025-08-26 22:30:00,SKIP,0.3534,0.3009,0.6,Trending,,range,1,23.63,21.04,16.38,9.49,1.078709,0.667161,prob 35.34% < threshold 45.00% (Trending)
2025-08-26 22:45:00,SKIP,0.3671,0.375,0.6,Trending,,range,1,23.63,21.04,16.38,9.49,-0.094083,0.506479,prob 36.71% < threshold 45.00% (Trending)
2025-08-26 23:00:00,SKIP,0.2777,0.0,0.4167,Trending,,range,1,26.84,21.04,20.16,9.49,2.103976,0.610246,prob 27.77% < threshold 45.00% (Trending)
2025-08-26 23:15:00,SKIP,0.2777,0.0,0.4167,Trending,,range,1,26.84,21.04,20.16,9.49,-1.47794,0.633415,prob 27.77% < threshold 45.00% (Trending)
2025-08-26 23:30:00,SKIP,0.3394,0.3333,0.4167,Trending,,range,1,26.84,21.04,20.16,9.49,1.459916,0.200459,prob 33.94% < threshold 45.00% (Trending)
2025-08-26 23:45:00,SKIP,0.3471,0.375,0.4167,Trending,,range,1,26.84,21.04,20.16,9.49,0.326801,0.030975,prob 34.71% < threshold 45.00% (Trending)
2025-08-27 01:00:00,SKIP,0.3493,0.4099,0.3731,Trending,,range,1,29.86,22.31,19.33,9.64,2.535281,0.163456,prob 34.93% < threshold 45.00% (Trending)
2025-08-27 01:15:00,SKIP,0.2733,0.0,0.3731,Trending,,range,1,29.86,22.31,19.33,9.64,-0.492482,0.358047,prob 27.33% < threshold 45.00% (Trending)
2025-08-27 01:30:00,SKIP,0.3351,0.3333,0.3731,Trending,,range,1,29.86,22.31,19.33,9.64,2.197974,0.338228,prob 33.51% < threshold 45.00% (Trending)
2025-08-27 01:45:00,SKIP,0.2733,0.0,0.3731,Trending,,range,1,29.86,22.31,19.33,9.64,1.361586,0.461505,prob 27.33% < threshold 45.00% (Trending)
2025-08-27 02:00:00,SKIP,0.2733,0.0,0.3731,Trending,,range,1,32.48,22.31,18.09,9.64,3.229296,0.455237,prob 27.33% < threshold 45.00% (Trending)
2025-08-27 02:15:00,SKIP,0.2733,0.0,0.3731,Trending,,range,1,32.48,22.31,18.09,9.64,0.706982,0.4812,prob 27.33% < threshold 45.00% (Trending)
2025-08-27 02:30:00,SKIP,0.2733,0.0,0.3731,Trending,,range,1,32.48,22.31,18.09,9.64,3.349023,1.539951,prob 27.33% < threshold 45.00% (Trending)
2025-08-27 02:45:00,SKIP,0.2733,0.0,0.3731,Trending,,range,1,32.48,22.31,18.09,9.64,2.556125,1.323083,prob 27.33% < threshold 45.00% (Trending)
2025-08-27 03:00:00,SKIP,0.2733,0.0,0.3731,Trending,,range,1,33.5,22.31,14.06,9.64,4.162024,1.203467,prob 27.33% < threshold 45.00% (Trending)
2025-08-27 03:15:00,SKIP,0.2733,0.0,0.3731,Trending,,range,1,33.5,22.31,14.06,9.64,1.464409,0.922592,prob 27.33% < threshold 45.00% (Trending)
2025-08-27 03:30:00,SKIP,0.2733,0.0,0.3731,Trending,,range,1,33.5,22.31,14.06,9.64,3.78766,0.915518,prob 27.33% < threshold 45.00% (Trending)
2025-08-27 03:45:00,SKIP,0.2733,0.0,0.3731,Trending,,range,1,33.5,22.31,14.06,9.64,2.695614,0.78721,prob 27.33% < threshold 45.00% (Trending)
2025-08-27 04:00:00,SKIP,0.3343,0.4375,0.2308,Ranging,,range,1,29.22,21.29,-0.58,-5.98,4.021306,0.779412,prob 33.43% < threshold 48.00% (Ranging)
2025-08-27 04:15:00,SKIP,0.3343,0.4375,0.2308,Ranging,,range,1,29.22,21.29,-0.58,-5.98,1.029252,0.79066,prob 33.43% < threshold 48.00% (Ranging)
2025-08-27 04:30:00,SKIP,0.3343,0.4375,0.2308,Ranging,,range,1,29.22,21.29,-0.58,-5.98,2.723067,0.434006,prob 33.43% < threshold 48.00% (Ranging)
2025-08-27 04:45:00,SKIP,0.3428,0.499,0.1429,Ranging,,range,1,29.22,21.29,-0.58,-5.98,1.439456,0.286881,prob 34.28% < threshold 48.00% (Ranging)
2025-08-27 05:00:00,SKIP,0.3284,0.4286,0.1961,Ranging,,range,1,26.37,21.29,-3.16,-5.98,2.179741,0.211376,prob 32.84% < threshold 48.00% (Ranging)
2025-08-27 05:15:00,SKIP,0.3434,0.4375,0.2632,Ranging,,range,1,26.37,21.29,-3.16,-5.98,-0.440238,0.332473,prob 34.34% < threshold 48.00% (Ranging)
2025-08-27 05:30:00,SKIP,0.3284,0.4286,0.1961,Ranging,,range,1,26.37,21.29,-3.16,-5.98,1.124687,0.314069,prob 32.84% < threshold 48.00% (Ranging)
2025-08-27 05:45:00,SKIP,0.3284,0.4286,0.1961,Ranging,,range,1,26.37,21.29,-3.16,-5.98,-0.320167,0.428541,prob 32.84% < threshold 48.00% (Ranging)
2025-08-27 06:00:00,SKIP,0.3278,0.4242,0.1961,Volatile,,range,1,25.07,21.29,-6.73,-5.98,0.134707,0.42272,prob 32.78% < threshold 42.00% (Volatile)
2025-08-27 06:15:00,SKIP,0.3278,0.4242,0.1961,Volatile,,range,1,25.07,21.29,-6.73,-5.98,-1.637872,0.446829,prob 32.78% < threshold 42.00% (Volatile)
2025-08-27 06:30:00,SKIP,0.3278,0.4242,0.1961,Volatile,,range,1,25.07,21.29,-6.73,-5.98,-0.673312,1.284937,prob 32.78% < threshold 42.00% (Volatile)
2025-08-27 06:45:00,SKIP,0.329,0.4242,0.1429,Volatile,,range,1,25.07,21.29,-6.73,-5.98,-2.126636,0.797899,prob 32.90% < threshold 42.00% (Volatile)
2025-08-27 07:00:00,SKIP,0.3322,0.4242,0.2308,Volatile,,range,1,27.4,21.29,-20.73,-5.98,-2.11147,0.534452,prob 33.22% < threshold 42.00% (Volatile)
2025-08-27 07:15:00,SKIP,0.3322,0.4242,0.2308,Volatile,,range,1,27.4,21.29,-20.73,-5.98,-2.278698,-0.145776,prob 33.22% < threshold 42.00% (Volatile)
2025-08-27 07:30:00,SKIP,0.3326,0.4242,0.1628,Volatile,,range,1,27.4,21.29,-20.73,-5.98,-2.639671,-0.297662,prob 33.26% < threshold 42.00% (Volatile)
2025-08-27 07:45:00,SKIP,0.3692,0.5868,0.2278,Volatile,,range,1,27.4,21.29,-20.73,-5.98,-2.509815,-0.694799,prob 36.92% < threshold 42.00% (Volatile)
2025-08-27 08:00:00,SKIP,0.3702,0.6667,0.2308,Volatile,,range,1,29.41,20.45,-18.41,-5.47,-2.834432,-0.788836,prob 37.02% < threshold 42.00% (Volatile)
2025-08-27 08:15:00,SKIP,0.337,0.4545,0.2308,Volatile,,range,1,29.41,20.45,-18.41,-5.47,-1.262473,-0.590845,prob 33.70% < threshold 42.00% (Volatile)
2025-08-27 08:30:00,SKIP,0.2391,0.4242,0.3333,Volatile,,range,1,29.41,20.45,-18.41,-5.47,-2.65679,-0.748871,prob 23.91% < threshold 42.00% (Volatile)
2025-08-27 08:45:00,SKIP,0.3278,0.4242,0.1961,Volatile,,range,1,29.41,20.45,-18.41,-5.47,-1.587058,-0.788317,prob 32.78% < threshold 42.00% (Volatile)
2025-08-27 09:00:00,SKIP,0.3519,0.4242,0.3731,Volatile,,range,1,28.06,20.45,-8.64,-5.47,-2.131571,-0.915698,prob 35.19% < threshold 42.00% (Volatile)
2025-08-27 09:15:00,SKIP,0.3519,0.4242,0.3731,Volatile,,range,1,28.06,20.45,-8.64,-5.47,0.263124,-0.806125,prob 35.19% < threshold 42.00% (Volatile)
2025-08-27 09:30:00,SKIP,0.3519,0.4242,0.3731,Volatile,,range,1,28.06,20.45,-8.64,-5.47,-3.258207,-0.817927,prob 35.19% < threshold 42.00% (Volatile)
2025-08-27 09:45:00,SKIP,0.3391,0.4242,0.2447,Volatile,,range,1,28.06,20.45,-8.64,-5.47,-1.166245,-0.615442,prob 33.91% < threshold 42.00% (Volatile)
2025-08-27 10:00:00,SKIP,0.2526,0.639,0.1961,Volatile,,range,1,28.28,20.45,-12.61,-5.47,-1.926437,-0.612356,prob 25.26% < threshold 42.00% (Volatile)
2025-08-27 10:15:00,SKIP,0.219,0.4242,0.1961,Volatile,,range,1,28.28,20.45,-12.61,-5.47,1.109418,-0.582371,prob 21.90% < threshold 42.00% (Volatile)
2025-08-27 10:30:00,SKIP,0.1536,0.0,0.2632,Ranging,,range,1,28.28,20.45,-12.61,-5.47,-3.166976,0.051501,prob 15.36% < threshold 48.00% (Ranging)
2025-08-27 10:45:00,SKIP,0.3519,0.4242,0.3731,Volatile,,range,1,28.28,20.45,-12.61,-5.47,-0.260205,-0.185863,prob 35.19% < threshold 42.00% (Volatile)
2025-08-27 11:00:00,SKIP,0.3527,0.4286,0.3731,Ranging,,range,1,25.52,20.45,-3.51,-5.47,-0.943508,-0.288897,prob 35.27% < threshold 48.00% (Ranging)
2025-08-27 11:15:00,SKIP,0.3527,0.4286,0.3731,Ranging,,range,1,25.52,20.45,-3.51,-5.47,0.853238,-0.65996,prob 35.27% < threshold 48.00% (Ranging)
2025-08-27 11:30:00,SKIP,0.3196,0.25,0.3731,Ranging,,range,1,25.52,20.45,-3.51,-5.47,-3.076203,-0.606962,prob 31.96% < threshold 48.00% (Ranging)
2025-08-27 11:45:00,SKIP,0.3196,0.25,0.3731,Ranging,,range,1,25.52,20.45,-3.51,-5.47,-1.234645,-0.733708,prob 31.96% < threshold 48.00% (Ranging)
2025-08-27 12:00:00,SKIP,0.307,0.1818,0.3731,Ranging,,range,1,25.18,19.5,-10.54,-4.38,-1.854466,-0.746215,prob 30.70% < threshold 48.00% (Ranging)
2025-08-27 12:15:00,SKIP,0.296,0.1818,0.2632,Ranging,,range,1,25.18,19.5,-10.54,-4.38,-0.546329,-0.563598,prob 29.60% < threshold 48.00% (Ranging)
2025-08-27 12:30:00,SKIP,0.341,0.4242,0.2632,Volatile,,range,1,25.18,19.5,-10.54,-4.38,-3.463986,-0.710833,prob 34.10% < threshold 42.00% (Volatile)
2025-08-27 12:45:00,SKIP,0.2613,0.0,0.1961,Ranging,,range,1,25.18,19.5,-10.54,-4.38,-2.180322,-0.747871,prob 26.13% < threshold 48.00% (Ranging)
2025-08-27 13:00:00,SKIP,0.3322,0.4242,0.2308,Volatile,,range,1,26.24,19.5,-15.77,-4.38,-2.074786,-0.866878,prob 33.22% < threshold 42.00% (Volatile)
2025-08-27 13:15:00,SKIP,0.3322,0.4242,0.2308,Volatile,,range,1,26.24,19.5,-15.77,-4.38,-0.900813,-0.765207,prob 33.22% < threshold 42.00% (Volatile)
2025-08-27 13:30:00,SKIP,0.3315,0.4242,0.2252,Volatile,,range,1,26.24,19.5,-15.77,-4.38,-2.629877,-0.776114,prob 33.15% < threshold 42.00% (Volatile)
2025-08-27 13:45:00,SKIP,0.2986,0.2381,0.1961,Volatile,,range,1,26.24,19.5,-15.77,-4.38,-1.544146,-0.549436,prob 29.86% < threshold 42.00% (Volatile)
2025-08-27 14:00:00,SKIP,0.329,0.4242,0.1429,Volatile,,range,1,27.65,19.5,-16.58,-4.38,-1.129863,-0.476415,prob 32.90% < threshold 42.00% (Volatile)
2025-08-27 14:15:00,SKIP,0.329,0.4242,0.1429,Volatile,,range,1,27.65,19.5,-16.58,-4.38,-0.326547,-0.406765,prob 32.90% < threshold 42.00% (Volatile)
2025-08-27 14:30:00,SKIP,0.3325,0.4545,0.1961,Volatile,,range,1,27.65,19.5,-16.58,-4.38,-1.822118,0.209662,prob 33.25% < threshold 42.00% (Volatile)
2025-08-27 14:45:00,SKIP,0.3174,0.2381,0.3731,Volatile,,range,1,27.65,19.5,-16.58,-4.38,-1.14268,-0.003683,prob 31.74% < threshold 42.00% (Volatile)
2025-08-27 15:00:00,SKIP,0.296,0.1818,0.2632,Ranging,,range,1,24.78,19.5,-2.89,-4.38,-0.531912,-0.012073,prob 29.60% < threshold 48.00% (Ranging)
2025-08-27 15:15:00,SKIP,0.3544,0.4375,0.3731,Ranging,,range,1,24.78,19.5,-2.89,-4.38,0.767453,-0.490727,prob 35.44% < threshold 48.00% (Ranging)
2025-08-27 15:30:00,SKIP,0.3527,0.4286,0.3731,Ranging,,range,1,24.78,19.5,-2.89,-4.38,-1.806107,-0.526925,prob 35.27% < threshold 48.00% (Ranging)
2025-08-27 15:45:00,SKIP,0.3527,0.4286,0.3731,Ranging,,range,1,24.78,19.5,-2.89,-4.38,-1.01179,-0.642665,prob 35.27% < threshold 48.00% (Ranging)
2025-08-27 16:00:00,SKIP,0.3703,0.5,0.4167,Ranging,,range,1,22.01,19.94,1.67,8.65,-0.296512,-0.65451,prob 37.03% < threshold 48.00% (Ranging)
2025-08-27 16:15:00,SKIP,0.366,0.5,0.3731,Ranging,,range,1,22.01,19.94,1.67,8.65,0.759823,-0.524413,prob 36.60% < threshold 48.00% (Ranging)
2025-08-27 16:30:00,SKIP,0.3544,0.4375,0.3731,Ranging,,range,1,22.01,19.94,1.67,8.65,-1.737483,-0.661166,prob 35.44% < threshold 48.00% (Ranging)
2025-08-27 16:45:00,SKIP,0.3544,0.4375,0.3731,Ranging,,range,1,22.01,19.94,1.67,8.65,-0.861201,-0.695588,prob 35.44% < threshold 48.00% (Ranging)
2025-08-27 17:00:00,SKIP,0.3544,0.4375,0.3731,Ranging,,range,1,20.93,19.94,5.19,8.65,-1.06555,-0.806146,prob 35.44% < threshold 48.00% (Ranging)
2025-08-27 17:15:00,SKIP,0.3604,0.4375,0.4167,Ranging,,range,1,20.93,19.94,5.19,8.65,0.008438,-0.711743,prob 36.04% < threshold 48.00% (Ranging)
2025-08-27 17:30:00,SKIP,0.3787,0.4375,0.6,Ranging,,range,1,20.93,19.94,5.19,8.65,-1.820825,-0.721867,EIA 0-15min after — spread too wide
2025-08-27 17:45:00,SKIP,0.3787,0.4375,0.6,Ranging,,range,1,20.93,19.94,5.19,8.65,-1.677386,-0.511456,prob 37.87% < threshold 48.00% (Ranging)
2025-08-27 18:00:00,SKIP,0.2794,0.0,0.4167,Trending,,range,1,22.0,19.94,11.7,8.65,-1.842474,-0.303218,prob 27.94% < threshold 45.00% (Trending)
2025-08-27 18:15:00,SKIP,0.2777,0.0,0.4167,Trending,,range,1,22.0,19.94,11.7,8.65,-0.86567,0.082941,prob 27.77% < threshold 45.00% (Trending)
2025-08-27 18:30:00,SKIP,0.2777,0.0,0.4167,Trending,,range,1,22.0,19.94,11.7,8.65,-2.083207,0.542314,prob 27.77% < threshold 45.00% (Trending)
2025-08-27 18:45:00,SKIP,0.2777,0.0,0.4167,Trending,,range,1,22.0,19.94,11.7,8.65,-1.806777,0.361376,prob 27.77% < threshold 45.00% (Trending)
2025-08-27 19:00:00,SKIP,0.3411,0.3333,0.4167,Trending,,range,1,25.94,19.94,24.4,8.65,-2.096516,0.34649,prob 34.11% < threshold 45.00% (Trending)
2025-08-27 19:15:00,SKIP,0.3595,0.3333,0.6012,Trending,,range,1,25.94,19.94,24.4,8.65,-1.805475,-0.06688,prob 35.95% < threshold 45.00% (Trending)
2025-08-27 19:30:00,SKIP,0.4497,0.4286,0.6042,Trending,,range,1,25.94,19.94,24.4,8.65,-1.269436,-0.03682,prob 44.97% < threshold 45.00% (Trending)
2025-08-27 19:45:00,BUY,0.6762,0.4286,0.6042,Trending,,range,1,25.94,19.94,24.4,8.65,-0.152097,0.22798,prob=67.62% | model=combined(70%)+state(trending)+dir(BUY)(30%) | state=Trending | vol=normal | slot_wr=41.94%
2025-08-27 20:00:00,SKIP,0.412,0.4286,0.4167,Trending,,range,1,29.37,20.32,23.18,8.15,-0.122775,0.399496,prob 41.20% < threshold 45.00% (Trending)
2025-08-27 20:15:00,SKIP,0.412,0.4286,0.4167,Trending,,range,1,29.37,20.32,23.18,8.15,-0.005021,0.555662,prob 41.20% < threshold 45.00% (Trending)
2025-08-27 20:30:00,SKIP,0.3544,0.4286,0.3731,Trending,,range,1,29.37,20.32,23.18,8.15,0.360686,0.599442,prob 35.44% < threshold 45.00% (Trending)
2025-08-27 20:45:00,SKIP,0.3531,0.4215,0.3731,Trending,,range,1,29.37,20.32,23.18,8.15,1.607337,0.651009,prob 35.31% < threshold 45.00% (Trending)
2025-08-27 21:00:00,SKIP,0.2733,0.0,0.3731,Trending,,range,1,29.96,20.32,15.79,8.15,2.072039,0.622315,prob 27.33% < threshold 45.00% (Trending)
2025-08-27 21:15:00,SKIP,0.2733,0.0,0.3731,Trending,,range,1,29.96,20.32,15.79,8.15,1.480283,0.670359,prob 27.33% < threshold 45.00% (Trending)
2025-08-27 21:30:00,SKIP,0.2733,0.0,0.3731,Trending,,range,1,29.96,20.32,15.79,8.15,1.638514,0.638736,prob 27.33% < threshold 45.00% (Trending)
2025-08-27 21:45:00,SKIP,0.2733,0.0,0.3731,Trending,,range,1,29.96,20.32,15.79,8.15,2.984508,0.769459,prob 27.33% < threshold 45.00% (Trending)
2025-08-27 22:00:00,SKIP,0.2733,0.0,0.3731,Trending,,range,1,30.51,20.32,15.0,8.15,3.118558,0.75151,prob 27.33% < threshold 45.00% (Trending)
2025-08-27 22:15:00,SKIP,0.2733,0.0,0.3731,Trending,,range,1,30.51,20.32,15.0,8.15,2.67865,0.756531,prob 27.33% < threshold 45.00% (Trending)
2025-08-27 22:30:00,SKIP,0.2733,0.0,0.3731,Trending,,range,1,30.51,20.32,15.0,8.15,2.640931,1.018512,prob 27.33% < threshold 45.00% (Trending)
2025-08-27 22:45:00,SKIP,0.2733,0.0,0.3731,Trending,,range,1,30.51,20.32,15.0,8.15,3.481334,0.880978,prob 27.33% < threshold 45.00% (Trending)
2025-08-27 23:00:00,SKIP,0.2733,0.0,0.3731,Trending,,range,1,31.83,20.32,17.84,8.15,3.466066,0.860438,prob 27.33% < threshold 45.00% (Trending)
2025-08-27 23:15:00,SKIP,0.2733,0.0,0.3731,Trending,,range,1,31.83,20.32,17.84,8.15,3.803608,0.525776,prob 27.33% < threshold 45.00% (Trending)
2025-08-27 23:30:00,SKIP,0.2733,0.0,0.3731,Trending,,range,1,31.83,20.32,17.84,8.15,3.475441,0.512147,prob 27.33% < threshold 45.00% (Trending)
2025-08-27 23:45:00,SKIP,0.2733,0.0,0.3731,Trending,,range,1,31.83,20.32,17.84,8.15,3.263214,0.414928,prob 27.33% < threshold 45.00% (Trending)
2025-08-28 01:00:00,SKIP,0.2733,0.0,0.3731,Trending,,range,1,33.43,20.99,18.34,8.61,2.895909,0.37096,prob 27.33% < threshold 45.00% (Trending)
2025-08-28 01:15:00,SKIP,0.2733,0.0,0.3731,Trending,,range,1,33.43,20.99,18.34,8.61,3.954232,0.538907,prob 27.33% < threshold 45.00% (Trending)
2025-08-28 01:30:00,SKIP,0.2733,0.0,0.3731,Trending,,range,1,33.43,20.99,18.34,8.61,3.617111,0.582627,prob 27.33% < threshold 45.00% (Trending)
2025-08-28 01:45:00,SKIP,0.2733,0.0,0.3731,Trending,,range,1,33.43,20.99,18.34,8.61,3.075079,0.632042,prob 27.33% < threshold 45.00% (Trending)
2025-08-28 02:00:00,SKIP,0.2733,0.0,0.3731,Trending,,range,1,34.88,20.99,16.76,8.61,2.511209,0.606656,prob 27.33% < threshold 45.00% (Trending)
2025-08-28 02:15:00,SKIP,0.2733,0.0,0.3731,Trending,,range,1,34.88,20.99,16.76,8.61,4.094097,0.650509,prob 27.33% < threshold 45.00% (Trending)
2025-08-28 02:30:00,SKIP,0.2733,0.0,0.3731,Trending,,range,1,34.88,20.99,16.76,8.61,3.748663,0.620735,prob 27.33% < threshold 45.00% (Trending)
2025-08-28 02:45:00,SKIP,0.2733,0.0,0.3731,Trending,,range,1,34.88,20.99,16.76,8.61,3.255633,0.743766,prob 27.33% < threshold 45.00% (Trending)
2025-08-28 03:00:00,SKIP,0.2733,0.0,0.3731,Trending,,range,1,31.67,20.99,4.46,8.61,2.776809,0.734202,prob 27.33% < threshold 45.00% (Trending)
2025-08-28 03:15:00,SKIP,0.2733,0.0,0.3731,Trending,,range,1,31.67,20.99,4.46,8.61,4.223972,0.738767,prob 27.33% < threshold 45.00% (Trending)
2025-08-28 03:30:00,SKIP,0.2733,0.0,0.3731,Trending,,range,1,31.67,20.99,4.46,8.61,3.606075,0.973321,prob 27.33% < threshold 45.00% (Trending)
2025-08-28 03:45:00,SKIP,0.2613,0.0,0.1961,Trending,,range,1,31.67,20.99,4.46,8.61,3.165921,0.847414,prob 26.13% < threshold 45.00% (Trending)
2025-08-28 04:00:00,SKIP,0.337,0.4545,0.2308,Volatile,,range,1,30.16,18.38,-9.63,0.54,1.968507,0.828113,prob 33.70% < threshold 42.00% (Volatile)
2025-08-28 04:15:00,SKIP,0.3329,0.4286,0.2308,Ranging,,range,1,30.16,18.38,-9.63,0.54,2.821572,0.520097,prob 33.29% < threshold 48.00% (Ranging)
2025-08-28 04:30:00,SKIP,0.337,0.4545,0.2308,Volatile,,range,1,30.16,18.38,-9.63,0.54,1.792879,0.164161,prob 33.70% < threshold 42.00% (Volatile)
2025-08-28 04:45:00,SKIP,0.337,0.4545,0.2308,Volatile,,range,1,30.16,18.38,-9.63,0.54,1.452964,-0.315076,prob 33.70% < threshold 42.00% (Volatile)
2025-08-28 05:00:00,SKIP,0.3322,0.4242,0.2308,Volatile,,range,1,29.4,18.38,-10.3,0.54,0.200766,-0.382864,prob 33.22% < threshold 42.00% (Volatile)
2025-08-28 05:15:00,SKIP,0.3384,0.4921,0.1961,Volatile,,range,1,29.4,18.38,-10.3,0.54,0.490794,-0.362044,prob 33.84% < threshold 42.00% (Volatile)
2025-08-28 05:30:00,SKIP,0.3418,0.4286,0.2632,Ranging,,range,1,29.4,18.38,-10.3,0.54,-0.211856,-0.351931,prob 34.18% < threshold 48.00% (Ranging)
2025-08-28 05:45:00,SKIP,0.3519,0.4242,0.3731,Volatile,,range,1,29.4,18.38,-10.3,0.54,-0.282829,-0.34443,prob 35.19% < threshold 42.00% (Volatile)
2025-08-28 06:00:00,SKIP,0.307,0.1818,0.3731,Ranging,,range,1,27.73,18.38,-6.92,0.54,-1.401849,-0.405224,prob 30.70% < threshold 48.00% (Ranging)
2025-08-28 06:15:00,SKIP,0.3519,0.4242,0.3731,Volatile,,range,1,27.73,18.38,-6.92,0.54,-1.794692,-0.499596,prob 35.19% < threshold 42.00% (Volatile)
2025-08-28 06:30:00,SKIP,0.3135,0.2381,0.3333,Volatile,,range,1,27.73,18.38,-6.92,0.54,-2.118048,-0.550061,prob 31.35% < threshold 42.00% (Volatile)
2025-08-28 06:45:00,SKIP,0.3275,0.4242,0.1281,Volatile,,range,1,27.73,18.38,-6.92,0.54,-1.907564,-0.485953,prob 32.75% < threshold 42.00% (Volatile)
2025-08-28 07:00:00,SKIP,0.3346,0.4545,0.1429,Volatile,,range,1,26.41,18.38,-6.76,0.54,-3.140897,-0.488143,prob 33.46% < threshold 42.00% (Volatile)
2025-08-28 07:15:00,SKIP,0.3536,0.4545,0.3333,Volatile,,range,1,26.41,18.38,-6.76,0.54,-3.91693,-0.505641,prob 35.36% < threshold 42.00% (Volatile)
2025-08-28 07:30:00,SKIP,0.3575,0.4545,0.3731,Volatile,,range,1,26.41,18.38,-6.76,0.54,-3.623342,-0.418271,prob 35.75% < threshold 42.00% (Volatile)
2025-08-28 07:45:00,SKIP,0.3425,0.4327,0.2632,Volatile,,range,1,26.41,18.38,-6.76,0.54,-3.158877,-0.441718,prob 34.25% < threshold 42.00% (Volatile)
2025-08-28 08:00:00,SKIP,0.3278,0.4242,0.1961,Volatile,,range,1,26.07,18.91,-8.9,9.27,-3.670518,-0.079113,prob 32.78% < threshold 42.00% (Volatile)
2025-08-28 08:15:00,SKIP,0.3278,0.4242,0.1961,Volatile,,range,1,26.07,18.91,-8.9,9.27,-4.360113,-0.104906,prob 32.78% < threshold 42.00% (Volatile)
2025-08-28 08:30:00,SKIP,0.296,0.1818,0.2632,Ranging,,range,1,26.07,18.91,-8.9,9.27,-3.27622,-0.181816,prob 29.60% < threshold 48.00% (Ranging)
2025-08-28 08:45:00,SKIP,0.296,0.1818,0.2632,Ranging,,range,1,26.07,18.91,-8.9,9.27,-2.945594,-0.41234,prob 29.60% < threshold 48.00% (Ranging)
2025-08-28 09:00:00,SKIP,0.307,0.1818,0.3731,Ranging,,range,1,24.05,18.91,4.69,9.27,-3.186334,-0.45519,prob 30.70% < threshold 48.00% (Ranging)
2025-08-28 09:15:00,SKIP,0.307,0.1818,0.3731,Ranging,,range,1,24.05,18.91,4.69,9.27,-3.913042,-0.351699,prob 30.70% < threshold 48.00% (Ranging)
2025-08-28 09:30:00,SKIP,0.377,0.4375,0.6,Ranging,,range,1,24.05,18.91,4.69,9.27,-3.291209,-0.342739,prob 37.70% < threshold 48.00% (Ranging)
2025-08-28 09:45:00,SKIP,0.324,0.25,0.4167,Ranging,,range,1,24.05,18.91,4.69,9.27,-2.15804,-0.319828,prob 32.40% < threshold 48.00% (Ranging)
2025-08-28 10:00:00,SKIP,0.3571,0.4286,0.4167,Ranging,,range,1,23.79,18.91,9.69,9.27,-2.771275,-0.376279,prob 35.71% < threshold 48.00% (Ranging)
2025-08-28 10:15:00,SKIP,0.2777,0.0,0.4167,Trending,,range,1,23.79,18.91,9.69,9.27,-3.082333,-0.46391,prob 27.77% < threshold 45.00% (Trending)
2025-08-28 10:30:00,SKIP,0.2733,0.0,0.3731,Trending,,range,1,23.79,18.91,9.69,9.27,-2.320172,-0.510771,prob 27.33% < threshold 45.00% (Trending)
2025-08-28 10:45:00,SKIP,0.2733,0.0,0.3731,Trending,,range,1,23.79,18.91,9.69,9.27,-1.065712,-0.451242,prob 27.33% < threshold 45.00% (Trending)
2025-08-28 11:00:00,SKIP,0.3175,0.2383,0.3731,Trending,,range,1,25.5,18.91,16.29,9.27,-1.741187,-0.453276,prob 31.75% < threshold 45.00% (Trending)
2025-08-28 11:15:00,SKIP,0.3394,0.3333,0.4167,Trending,,range,1,25.5,18.91,16.29,9.27,-2.132596,-0.469524,prob 33.94% < threshold 45.00% (Trending)
2025-08-28 11:30:00,SKIP,0.3492,0.3863,0.4167,Trending,,range,1,25.5,18.91,16.29,9.27,-1.418496,-0.388395,prob 34.92% < threshold 45.00% (Trending)
2025-08-28 11:45:00,SKIP,0.3471,0.375,0.4167,Trending,,range,1,25.5,18.91,16.29,9.27,0.328715,-0.250946,prob 34.71% < threshold 45.00% (Trending)
2025-08-28 12:00:00,SKIP,0.3588,0.4286,0.4167,Trending,,range,1,27.32,21.32,16.56,15.92,-0.223597,0.489995,prob 35.88% < threshold 45.00% (Trending|post-news✅)
2025-08-28 12:15:00,SKIP,0.3588,0.4286,0.4167,Trending,,range,1,27.32,21.32,16.56,15.92,-0.526466,0.552271,prob 35.88% < threshold 45.00% (Trending)
2025-08-28 12:30:00,SKIP,0.3544,0.4286,0.3731,Trending,,range,1,27.32,21.32,16.56,15.92,0.0833,0.520952,prob 35.44% < threshold 45.00% (Trending)
2025-08-28 12:45:00,SKIP,0.3544,0.4286,0.3731,Trending,,range,1,27.32,21.32,16.56,15.92,2.070768,0.348749,prob 35.44% < threshold 45.00% (Trending)
2025-08-28 13:00:00,SKIP,0.3157,0.25,0.3333,Ranging,,range,1,24.3,21.32,2.25,15.92,1.063995,0.30821,prob 31.57% < threshold 48.00% (Ranging)
2025-08-28 13:15:00,SKIP,0.3196,0.25,0.3731,Ranging,,range,1,24.3,21.32,2.25,15.92,0.767854,0.383527,prob 31.96% < threshold 48.00% (Ranging)
2025-08-28 13:30:00,SKIP,0.307,0.1818,0.3731,Ranging,,range,1,24.3,21.32,2.25,15.92,1.370239,0.472413,prob 30.70% < threshold 48.00% (Ranging)
2025-08-28 13:45:00,SKIP,0.307,0.1818,0.3731,Ranging,,range,1,24.3,21.32,2.25,15.92,1.792181,0.283777,prob 30.70% < threshold 48.00% (Ranging)
2025-08-28 14:00:00,SKIP,0.431,0.4286,0.4167,Trending,,range,1,26.04,21.32,20.5,15.92,0.925502,0.253391,prob 43.10% < threshold 45.00% (Trending)
2025-08-28 14:15:00,BUY,0.676,0.4286,0.602,Trending,,range,1,26.04,21.32,20.5,15.92,1.675343,0.047235,prob=67.60% | model=combined(70%)+state(trending)+dir(BUY)(30%) | state=Trending | vol=normal | slot_wr=47.50%
2025-08-28 14:30:00,BUY,0.6762,0.4286,0.6042,Trending,,range,1,26.04,21.32,20.5,15.92,2.267277,0.152491,prob=67.62% | model=combined(70%)+state(trending)+dir(BUY)(30%) | state=Trending | vol=normal | slot_wr=47.50%
2025-08-28 14:45:00,SKIP,0.4492,0.4286,0.6,Trending,,range,1,26.04,21.32,20.5,15.92,2.274812,0.456407,prob 44.92% < threshold 45.00% (Trending)
2025-08-28 15:00:00,SKIP,0.4492,0.4286,0.6,Trending,,range,1,27.97,21.32,17.89,15.92,1.752815,0.456149,prob 44.92% < threshold 45.00% (Trending)
2025-08-28 15:15:00,SKIP,0.3588,0.4286,0.4167,Trending,,range,1,27.97,21.32,17.89,15.92,3.896928,0.522961,prob 35.88% < threshold 45.00% (Trending)
2025-08-28 15:30:00,SKIP,0.3114,0.1818,0.4167,Ranging,,range,1,27.97,21.32,17.89,15.92,3.719966,0.430918,prob 31.14% < threshold 48.00% (Ranging|post-news✅)
2025-08-28 15:45:00,SKIP,0.307,0.1818,0.3731,Ranging,,range,1,27.97,21.32,17.89,15.92,2.485836,0.392433,prob 30.70% < threshold 48.00% (Ranging)
2025-08-28 16:00:00,SKIP,0.416,0.4286,0.4544,Ranging,,,0,27.4,25.12,8.69,20.92,2.070956,0.920542,prob 41.60% < threshold 48.00% (Ranging)
2025-08-28 16:15:00,BUY,0.6762,0.4286,0.6042,Ranging,,,0,27.4,25.12,8.69,20.92,4.359664,0.971017,prob=67.62% | model=combined(70%)+state(ranging)+dir(BUY)(30%) | state=Ranging | vol=normal | slot_wr=41.86%
2025-08-28 16:30:00,BUY,0.6974,0.4375,0.8,Ranging,,,0,27.4,25.12,8.69,20.92,2.257115,0.943151,prob=69.74% | model=combined(70%)+state(ranging)+dir(BUY)(30%) | state=Ranging | vol=normal | slot_wr=41.86%
2025-08-28 16:45:00,BUY,0.6974,0.4375,0.8,Ranging,,,0,27.4,25.12,8.69,20.92,0.99058,0.81275,prob=69.74% | model=combined(70%)+state(ranging)+dir(BUY)(30%) | state=Ranging | vol=normal | slot_wr=41.86%
2025-08-28 17:00:00,BUY,0.7551,0.6667,0.9533,Trending,,,0,28.33,25.12,12.87,20.92,1.629825,0.877864,prob=75.51% | model=combined(70%)+state(trending)+dir(BUY)(30%) | state=Trending | vol=normal | slot_wr=57.14%
2025-08-28 17:15:00,BUY,0.7552,0.6667,0.9541,Trending,,,0,28.33,25.12,12.87,20.92,5.168723,1.013203,prob=75.52% | model=combined(70%)+state(trending)+dir(BUY)(30%) | state=Trending | vol=normal | slot_wr=57.14%
2025-08-28 17:30:00,BUY,0.6957,0.4286,0.8,Trending,,,0,28.33,25.12,12.87,20.92,1.95365,1.174227,prob=69.57% | model=combined(70%)+state(trending)+dir(BUY)(30%) | state=Trending | vol=normal | slot_wr=57.14%
2025-08-28 17:45:00,BUY,0.6957,0.4286,0.8,Trending,,,0,28.33,25.12,12.87,20.92,1.505568,1.196806,prob=69.57% | model=combined(70%)+state(trending)+dir(BUY)(30%) | state=Trending | vol=normal | slot_wr=57.14%
2025-08-28 18:00:00,BUY,0.6305,0.1818,0.6042,Ranging,,,0,27.5,25.12,7.81,20.92,2.856424,1.200171,prob=63.05% | model=combined(70%)+state(ranging)+dir(BUY)(30%) | state=Ranging | vol=normal | slot_wr=28.12%
2025-08-28 18:15:00,SKIP,0.3317,0.1818,0.6042,Ranging,,,0,27.5,25.12,7.81,20.92,6.135776,1.031915,prob 33.17% < threshold 48.00% (Ranging)
2025-08-28 18:30:00,SKIP,0.3956,0.1818,0.6042,Ranging,,,0,27.5,25.12,7.81,20.92,1.234897,0.898846,prob 39.56% < threshold 48.00% (Ranging)
2025-08-28 18:45:00,SKIP,0.4039,0.1818,0.6042,Ranging,,,0,27.5,25.12,7.81,20.92,0.888674,0.864544,prob 40.39% < threshold 48.00% (Ranging)
2025-08-28 19:00:00,BUY,0.6965,0.4286,0.8074,Trending,,,0,28.88,25.12,14.51,20.92,2.169635,0.865337,prob=69.65% | model=combined(70%)+state(trending)+dir(BUY)(30%) | state=Trending | vol=normal | slot_wr=41.94%
2025-08-28 19:15:00,BUY,0.7157,0.4286,1.0,Trending,,,0,28.88,25.12,14.51,20.92,4.645674,0.895734,prob=71.57% | model=combined(70%)+state(trending)+dir(BUY)(30%) | state=Trending | vol=normal | slot_wr=41.94%
2025-08-28 19:30:00,BUY,0.7157,0.4286,1.0,Trending,,,0,28.88,25.12,14.51,20.92,0.229618,0.810775,prob=71.57% | model=combined(70%)+state(trending)+dir(BUY)(30%) | state=Trending | vol=normal | slot_wr=41.94%
2025-08-28 19:45:00,BUY,0.6957,0.4286,0.8,Trending,,,0,28.88,25.12,14.51,20.92,0.698652,0.892121,prob=69.57% | model=combined(70%)+state(trending)+dir(BUY)(30%) | state=Trending | vol=normal | slot_wr=41.94%
2025-08-28 20:00:00,BUY,0.6758,0.4286,0.6,Trending,,range,1,30.49,29.22,15.3,24.5,2.040686,1.329051,prob=67.58% | model=combined(70%)+state(trending)+dir(BUY)(30%) | state=Trending | vol=normal | slot_wr=56.67%
2025-08-28 20:15:00,BUY,0.6575,0.4286,0.4167,Trending,,range,1,30.49,29.22,15.3,24.5,4.585552,1.396833,prob=65.75% | model=combined(70%)+state(trending)+dir(BUY)(30%) | state=Trending | vol=normal | slot_wr=56.67%
2025-08-28 20:30:00,BUY,0.6575,0.4286,0.4167,Trending,,range,1,30.49,29.22,15.3,24.5,1.648464,1.389937,prob=65.75% | model=combined(70%)+state(trending)+dir(BUY)(30%) | state=Trending | vol=normal | slot_wr=56.67%
2025-08-28 20:45:00,BUY,0.6762,0.4286,0.6042,Trending,,range,1,30.49,29.22,15.3,24.5,2.034762,1.303415,prob=67.62% | model=combined(70%)+state(trending)+dir(BUY)(30%) | state=Trending | vol=normal | slot_wr=56.67%
2025-08-28 21:00:00,SKIP,0.3588,0.4286,0.4167,Trending,,range,1,32.51,29.22,17.42,24.5,2.688677,1.30839,prob 35.88% < threshold 45.00% (Trending)
2025-08-28 21:15:00,SKIP,0.3588,0.4286,0.4167,Trending,,range,1,32.51,29.22,17.42,24.5,4.24167,1.340979,prob 35.88% < threshold 45.00% (Trending)
2025-08-28 21:30:00,SKIP,0.3588,0.4286,0.4167,Trending,,range,1,32.51,29.22,17.42,24.5,2.443876,1.51269,prob 35.88% < threshold 45.00% (Trending)
2025-08-28 21:45:00,SKIP,0.377,0.4286,0.6,Trending,,range,1,32.51,29.22,17.42,24.5,2.621229,1.471716,prob 37.70% < threshold 45.00% (Trending)
2025-08-28 22:00:00,SKIP,0.3588,0.4286,0.4167,Trending,,range,1,35.27,29.22,21.18,24.5,3.046769,1.574439,prob 35.88% < threshold 45.00% (Trending)
2025-08-28 22:15:00,SKIP,0.412,0.4286,0.4167,Trending,,range,1,35.27,29.22,21.18,24.5,3.905858,1.429846,prob 41.20% < threshold 45.00% (Trending)
2025-08-28 22:30:00,SKIP,0.3588,0.4286,0.4167,Trending,,range,1,35.27,29.22,21.18,24.5,3.169117,1.314769,prob 35.88% < threshold 45.00% (Trending)
2025-08-28 22:45:00,SKIP,0.4494,0.4286,0.6015,Trending,,range,1,35.27,29.22,21.18,24.5,3.353437,1.267221,prob 44.94% < threshold 45.00% (Trending)
2025-08-28 23:00:00,SKIP,0.3588,0.4286,0.4167,Trending,,range,1,35.86,29.22,15.16,24.5,4.186529,1.433149,prob 35.88% < threshold 45.00% (Trending)
2025-08-28 23:15:00,SKIP,0.3571,0.4286,0.4167,Trending,,range,1,35.86,29.22,15.16,24.5,4.759854,1.403203,prob 35.71% < threshold 45.00% (Trending)
2025-08-28 23:30:00,SKIP,0.3508,0.4183,0.3731,Trending,,range,1,35.86,29.22,15.16,24.5,3.906382,1.152209,prob 35.08% < threshold 45.00% (Trending)
2025-08-28 23:45:00,SKIP,0.3487,0.407,0.3731,Trending,,range,1,35.86,29.22,15.16,24.5,3.850231,1.150861,prob 34.87% < threshold 45.00% (Trending)
2025-08-29 01:00:00,SKIP,0.3351,0.3333,0.3731,Trending,,range,1,34.22,31.97,9.28,21.4,4.124845,1.488501,prob 33.51% < threshold 45.00% (Trending)
2025-08-29 01:15:00,SKIP,0.2733,0.0,0.3731,Trending,,range,1,34.22,31.97,9.28,21.4,3.999569,1.562715,prob 27.33% < threshold 45.00% (Trending)
2025-08-29 01:30:00,SKIP,0.2694,0.0,0.3333,Trending,,range,1,34.22,31.97,9.28,21.4,3.605165,1.566455,prob 26.94% < threshold 45.00% (Trending)
2025-08-29 01:45:00,SKIP,0.2694,0.0,0.3333,Trending,,range,1,34.22,31.97,9.28,21.4,3.637794,1.50533,prob 26.94% < threshold 45.00% (Trending)
2025-08-29 02:00:00,SKIP,0.2624,0.0,0.2632,Trending,,range,1,32.8,31.97,8.82,21.4,3.362982,1.449468,prob 26.24% < threshold 45.00% (Trending)
2025-08-29 02:15:00,SKIP,0.296,0.1818,0.2632,Ranging,,range,1,32.8,31.97,8.82,21.4,3.159184,1.473667,prob 29.60% < threshold 48.00% (Ranging)
2025-08-29 02:30:00,SKIP,0.296,0.1818,0.2632,Ranging,,range,1,32.8,31.97,8.82,21.4,3.179849,1.64594,prob 29.60% < threshold 48.00% (Ranging|post-news✅)
2025-08-29 02:45:00,SKIP,0.296,0.1818,0.2632,Ranging,,range,1,32.8,31.97,8.82,21.4,3.293754,1.631613,prob 29.60% < threshold 50.00% (Ranging|pre-news)
2025-08-29 03:00:00,SKIP,0.307,0.1818,0.3731,Ranging,,range,1,29.75,31.97,3.69,21.4,2.447994,1.63606,prob 30.70% < threshold 48.00% (Ranging|post-news✅)
2025-08-29 03:15:00,SKIP,0.2624,0.0,0.2632,Ranging,,range,1,29.75,31.97,3.69,21.4,1.929835,1.506303,prob 26.24% < threshold 48.00% (Ranging)
2025-08-29 03:30:00,SKIP,0.2733,0.0,0.3731,Ranging,,range,1,29.75,31.97,3.69,21.4,1.973864,1.402556,prob 27.33% < threshold 48.00% (Ranging)
2025-08-29 03:45:00,SKIP,0.2624,0.0,0.2632,Ranging,,range,1,29.75,31.97,3.69,21.4,2.251414,1.352266,prob 26.24% < threshold 48.00% (Ranging)
2025-08-29 04:00:00,SKIP,0.3329,0.4286,0.2308,Ranging,,range,1,28.49,31.58,-9.02,13.41,0.77314,1.330781,prob 33.29% < threshold 48.00% (Ranging)
2025-08-29 04:15:00,SKIP,0.3329,0.4286,0.2308,Ranging,,range,1,28.49,31.58,-9.02,13.41,-0.499755,0.978322,prob 33.29% < threshold 48.00% (Ranging)
2025-08-29 04:30:00,SKIP,0.3329,0.4286,0.2308,Ranging,,range,1,28.49,31.58,-9.02,13.41,-0.229956,0.457418,prob 33.29% < threshold 48.00% (Ranging)
2025-08-29 04:45:00,SKIP,0.3329,0.4286,0.2308,Ranging,,range,1,28.49,31.58,-9.02,13.41,-0.241575,0.249816,prob 33.29% < threshold 48.00% (Ranging)
2025-08-29 05:00:00,SKIP,0.3508,0.4375,0.3377,Ranging,,range,1,27.07,31.58,-7.26,13.41,-1.549465,0.541734,prob 35.08% < threshold 48.00% (Ranging)
2025-08-29 05:15:00,SKIP,0.3571,0.4286,0.4167,Ranging,,range,1,27.07,31.58,-7.26,13.41,-2.440571,0.670634,prob 35.71% < threshold 48.00% (Ranging)
2025-08-29 05:30:00,SKIP,0.3587,0.4375,0.4167,Ranging,,range,1,27.07,31.58,-7.26,13.41,-1.996488,0.684372,prob 35.87% < threshold 48.00% (Ranging)
2025-08-29 05:45:00,SKIP,0.3527,0.4286,0.3731,Ranging,,range,1,27.07,31.58,-7.26,13.41,-1.941981,0.660547,prob 35.27% < threshold 48.00% (Ranging)
2025-08-29 06:00:00,SKIP,0.2624,0.0,0.2632,Ranging,,range,1,25.84,31.58,-6.59,13.41,-3.068059,0.603001,prob 26.24% < threshold 48.00% (Ranging)
2025-08-29 06:15:00,SKIP,0.296,0.1818,0.2632,Ranging,,range,1,25.84,31.58,-6.59,13.41,-4.005695,0.592466,prob 29.60% < threshold 48.00% (Ranging)
2025-08-29 06:30:00,SKIP,0.307,0.1818,0.3731,Ranging,,range,1,25.84,31.58,-6.59,13.41,-3.525566,0.729432,prob 30.70% < threshold 48.00% (Ranging)
2025-08-29 06:45:00,SKIP,0.2733,0.0,0.3731,Ranging,,range,1,25.84,31.58,-6.59,13.41,-3.520929,0.686967,prob 27.33% < threshold 48.00% (Ranging)
2025-08-29 07:00:00,SKIP,0.3329,0.4286,0.2308,Ranging,,range,1,26.6,31.58,-12.5,13.41,-4.478183,0.667546,prob 33.29% < threshold 48.00% (Ranging)
2025-08-29 07:15:00,SKIP,0.3329,0.4286,0.2308,Ranging,,range,1,26.6,31.58,-12.5,13.41,-5.571057,0.561243,prob 33.29% < threshold 48.00% (Ranging)
2025-08-29 07:30:00,SKIP,0.3329,0.4286,0.2308,Ranging,,range,1,26.6,31.58,-12.5,13.41,-4.323763,0.553122,prob 33.29% < threshold 48.00% (Ranging)
2025-08-29 07:45:00,SKIP,0.3329,0.4286,0.2308,Ranging,,range,1,26.6,31.58,-12.5,13.41,-4.578535,0.486439,prob 33.29% < threshold 48.00% (Ranging)
2025-08-29 08:00:00,SKIP,0.296,0.1818,0.2632,Ranging,,range,1,27.56,30.78,-12.48,10.92,-5.023144,0.474498,prob 29.60% < threshold 48.00% (Ranging)
2025-08-29 08:15:00,SKIP,0.2857,0.1818,0.1595,Ranging,,range,1,27.56,30.78,-12.48,10.92,-5.986937,0.426893,prob 28.57% < threshold 48.00% (Ranging)
2025-08-29 08:30:00,SKIP,0.307,0.1818,0.3731,Ranging,,range,1,27.56,30.78,-12.48,10.92,-4.227797,0.044241,prob 30.70% < threshold 48.00% (Ranging)
2025-08-29 08:45:00,SKIP,0.3085,0.1818,0.3883,Ranging,,range,1,27.56,30.78,-12.48,10.92,-4.275167,0.124877,prob 30.85% < threshold 48.00% (Ranging)
2025-08-29 09:00:00,SKIP,0.3114,0.1818,0.4167,Ranging,,range,1,25.85,30.78,-5.49,10.92,-4.19496,0.396766,prob 31.14% < threshold 48.00% (Ranging)
2025-08-29 09:15:00,SKIP,0.3114,0.1818,0.4167,Ranging,,range,1,25.85,30.78,-5.49,10.92,-5.205292,0.517241,prob 31.14% < threshold 48.00% (Ranging)
2025-08-29 09:30:00,SKIP,0.296,0.1818,0.2632,Ranging,,range,1,25.85,30.78,-5.49,10.92,-3.732104,0.531393,prob 29.60% < threshold 48.00% (Ranging)
2025-08-29 09:45:00,SKIP,0.296,0.1818,0.2632,Ranging,,range,1,25.85,30.78,-5.49,10.92,-4.069624,0.513622,prob 29.60% < threshold 48.00% (Ranging)
2025-08-29 10:00:00,SKIP,0.307,0.1818,0.3731,Ranging,,range,1,25.53,30.78,-8.11,10.92,-4.007239,0.459468,prob 30.70% < threshold 48.00% (Ranging)
2025-08-29 10:15:00,SKIP,0.296,0.1818,0.2632,Ranging,,range,1,25.53,30.78,-8.11,10.92,-4.716542,0.445436,prob 29.60% < threshold 48.00% (Ranging)
2025-08-29 10:30:00,SKIP,0.303,0.1818,0.3333,Ranging,,range,1,25.53,30.78,-8.11,10.92,-3.659971,0.539177,prob 30.30% < threshold 48.00% (Ranging)
2025-08-29 10:45:00,SKIP,0.3114,0.1818,0.4167,Ranging,,range,1,25.53,30.78,-8.11,10.92,-4.043926,0.464017,prob 31.14% < threshold 48.00% (Ranging)
2025-08-29 11:00:00,SKIP,0.324,0.25,0.4167,Ranging,,range,1,22.67,30.78,-1.45,10.92,-3.500822,0.441552,prob 32.40% < threshold 48.00% (Ranging)
2025-08-29 11:15:00,SKIP,0.3571,0.4286,0.4167,Ranging,,range,1,22.67,30.78,-1.45,10.92,-3.900968,0.345741,prob 35.71% < threshold 48.00% (Ranging)
2025-08-29 11:30:00,SKIP,0.3114,0.1818,0.4167,Ranging,,range,1,22.67,30.78,-1.45,10.92,-3.126352,0.387044,prob 31.14% < threshold 48.00% (Ranging)
2025-08-29 11:45:00,SKIP,0.307,0.1818,0.3731,Ranging,,range,1,22.67,30.78,-1.45,10.92,-3.550036,0.32184,prob 30.70% < threshold 48.00% (Ranging)
2025-08-29 12:00:00,SKIP,0.2733,0.0,0.3731,Ranging,,range,1,22.72,28.9,-9.06,6.52,-3.496797,0.310865,prob 27.33% < threshold 48.00% (Ranging)
2025-08-29 12:15:00,SKIP,0.307,0.1818,0.3731,Ranging,,range,1,22.72,28.9,-9.06,6.52,-3.032766,0.269064,prob 30.70% < threshold 48.00% (Ranging)
2025-08-29 12:30:00,SKIP,0.296,0.1818,0.2632,Ranging,,range,1,22.72,28.9,-9.06,6.52,-2.729709,0.099301,prob 29.60% < threshold 48.00% (Ranging)
2025-08-29 12:45:00,SKIP,0.296,0.1818,0.2632,Ranging,,range,1,22.72,28.9,-9.06,6.52,-3.359336,0.17637,prob 29.60% < threshold 48.00% (Ranging)
2025-08-29 13:00:00,SKIP,0.2836,0.1818,0.1381,Ranging,,range,1,24.32,28.9,-14.19,6.52,-3.260566,0.422166,prob 28.36% < threshold 48.00% (Ranging)
2025-08-29 13:15:00,SKIP,0.2794,0.1818,0.096,Ranging,,range,1,24.32,28.9,-14.19,6.52,-3.354678,0.535482,prob 27.94% < threshold 48.00% (Ranging)
2025-08-29 13:30:00,SKIP,0.2743,0.1818,0.0451,Ranging,,range,1,24.32,28.9,-14.19,6.52,-2.691702,0.325032,prob 27.43% < threshold 48.00% (Ranging)
2025-08-29 13:45:00,SKIP,0.284,0.1818,0.1429,Ranging,,range,1,24.32,28.9,-14.19,6.52,-2.759871,0.288187,prob 28.40% < threshold 48.00% (Ranging)
2025-08-29 14:00:00,SKIP,0.3287,0.4286,0.1324,Ranging,,range,1,22.85,28.9,-5.27,6.52,-2.029336,0.138634,prob 32.87% < threshold 48.00% (Ranging)
2025-08-29 14:15:00,SKIP,0.3542,0.4364,0.3731,Ranging,,range,1,22.85,28.9,-5.27,6.52,-3.073534,0.058183,prob 35.42% < threshold 48.00% (Ranging)
2025-08-29 14:30:00,SKIP,0.3527,0.4286,0.3731,Ranging,,range,1,22.85,28.9,-5.27,6.52,-2.020163,0.169791,prob 35.27% < threshold 48.00% (Ranging)
2025-08-29 14:45:00,SKIP,0.3587,0.4375,0.4167,Ranging,,range,1,22.85,28.9,-5.27,6.52,-1.748918,0.124417,prob 35.87% < threshold 48.00% (Ranging)
2025-08-29 15:00:00,SKIP,0.3571,0.4286,0.4167,Ranging,,range,1,22.52,28.9,8.81,6.52,-1.883135,0.096177,prob 35.71% < threshold 48.00% (Ranging)
2025-08-29 15:15:00,SKIP,0.3527,0.4286,0.3731,Ranging,,range,1,22.52,28.9,8.81,6.52,-3.02624,0.012254,prob 35.27% < threshold 48.00% (Ranging)
2025-08-29 15:30:00,SKIP,0.3587,0.4375,0.4167,Ranging,,range,1,22.52,28.9,8.81,6.52,-2.084341,0.042198,prob 35.87% < threshold 48.00% (Ranging|post-news✅)
2025-08-29 15:45:00,SKIP,0.3544,0.4375,0.3731,Ranging,,range,1,22.52,28.9,8.81,6.52,-1.526194,-0.026467,prob 35.44% < threshold 48.00% (Ranging)
2025-08-29 16:00:00,BUY,0.7571,0.6667,0.9728,Trending,,,0,26.79,33.17,29.26,34.18,-1.041128,-0.036346,prob=75.71% | model=combined(70%)+state(trending)+dir(BUY)(30%) | state=Trending | vol=normal | slot_wr=41.86%
2025-08-29 16:15:00,BUY,0.7509,0.6667,0.9114,Trending,,,0,26.79,33.17,29.26,34.18,-1.61081,0.601644,prob=75.09% | model=combined(70%)+state(trending)+dir(BUY)(30%) | state=Trending | vol=normal | slot_wr=41.86%
2025-08-29 16:30:00,BUY,0.7398,0.6667,0.8,Trending,,,0,26.79,33.17,29.26,34.18,-0.514567,0.455416,prob=73.98% | model=combined(70%)+state(trending)+dir(BUY)(30%) | state=Trending | vol=normal | slot_wr=41.86%
2025-08-29 16:45:00,BUY,0.7398,0.6667,0.8,Trending,,,0,26.79,33.17,29.26,34.18,0.715592,0.895562,prob=73.98% | model=combined(70%)+state(trending)+dir(BUY)(30%) | state=Trending | vol=normal | slot_wr=41.86%
2025-08-29 17:00:00,BUY,0.7398,0.6667,0.8,Trending,,,0,32.49,33.17,43.66,34.18,1.179628,1.17647,prob=73.98% | model=combined(70%)+state(trending)+dir(BUY)(30%) | state=Trending | vol=normal | slot_wr=57.14%
2025-08-29 17:15:00,BUY,0.7002,0.4529,0.8,Trending,,,0,32.49,33.17,43.66,34.18,2.31055,1.653796,prob=70.02% | model=combined(70%)+state(trending)+dir(BUY)(30%) | state=Trending | vol=normal | slot_wr=57.14%
2025-08-29 17:30:00,BUY,0.6957,0.4286,0.8,Trending,,,0,32.49,33.17,43.66,34.18,2.987711,1.540913,prob=69.57% | model=combined(70%)+state(trending)+dir(BUY)(30%) | state=Trending | vol=normal | slot_wr=57.14%
2025-08-29 17:45:00,BUY,0.6957,0.4286,0.8,Trending,,,0,32.49,33.17,43.66,34.18,3.6843,1.692527,prob=69.57% | model=combined(70%)+state(trending)+dir(BUY)(30%) | state=Trending | vol=normal | slot_wr=57.14%
2025-08-29 18:00:00,BUY,0.6762,0.4286,0.6042,Trending,,,0,38.13,33.17,48.36,34.18,3.776645,1.608906,prob=67.62% | model=combined(70%)+state(trending)+dir(BUY)(30%) | state=Trending | vol=normal | slot_wr=28.12%
2025-08-29 18:15:00,BUY,0.6762,0.4286,0.6042,Trending,,,0,38.13,33.17,48.36,34.18,5.712961,1.579501,prob=67.62% | model=combined(70%)+state(trending)+dir(BUY)(30%) | state=Trending | vol=normal | slot_wr=28.12%
2025-08-29 18:30:00,BUY,0.6762,0.4286,0.6042,Trending,,,0,38.13,33.17,48.36,34.18,6.423018,1.910673,prob=67.62% | model=combined(70%)+state(trending)+dir(BUY)(30%) | state=Trending | vol=normal | slot_wr=28.12%
2025-08-29 18:45:00,BUY,0.6762,0.4286,0.6042,Trending,,,0,38.13,33.17,48.36,34.18,6.614147,2.053777,prob=67.62% | model=combined(70%)+state(trending)+dir(BUY)(30%) | state=Trending | vol=normal | slot_wr=28.12%
2025-08-29 19:00:00,BUY,0.6762,0.4286,0.6042,Trending,,,0,43.17,33.17,45.31,34.18,7.267422,2.065957,prob=67.62% | model=combined(70%)+state(trending)+dir(BUY)(30%) | state=Trending | vol=normal | slot_wr=41.94%
2025-08-29 19:15:00,BUY,0.6762,0.4286,0.6042,Trending,,,0,43.17,33.17,45.31,34.18,9.408084,2.048658,prob=67.62% | model=combined(70%)+state(trending)+dir(BUY)(30%) | state=Trending | vol=normal | slot_wr=41.94%
2025-08-29 19:30:00,BUY,0.6762,0.4286,0.6042,Trending,,,0,43.17,33.17,45.31,34.18,9.949552,2.101568,prob=67.62% | model=combined(70%)+state(trending)+dir(BUY)(30%) | state=Trending | vol=normal | slot_wr=41.94%
2025-08-29 19:45:00,BUY,0.6957,0.4286,0.8,Trending,,,0,43.17,33.17,45.31,34.18,9.751216,1.984339,prob=69.57% | model=combined(70%)+state(trending)+dir(BUY)(30%) | state=Trending | vol=normal | slot_wr=41.94%
2025-08-29 20:00:00,SKIP,0.4402,0.4286,0.6042,Trending,,range,1,46.67,37.29,36.51,34.32,10.072713,1.925407,prob 44.02% < threshold 45.00% (Trending)
2025-08-29 20:15:00,SKIP,0.3775,0.4286,0.6042,Trending,,range,1,46.67,37.29,36.51,34.32,11.360277,2.20622,prob 37.75% < threshold 45.00% (Trending)
2025-08-29 20:30:00,SKIP,0.4002,0.4286,0.1961,Trending,,range,1,46.67,37.29,36.51,34.32,11.685835,1.773006,prob 40.02% < threshold 45.00% (Trending)
2025-08-29 20:45:00,SKIP,0.3588,0.4286,0.4167,Trending,,range,1,46.67,37.29,36.51,34.32,10.894021,1.87526,prob 35.88% < threshold 45.00% (Trending)
2025-08-29 21:00:00,SKIP,0.3571,0.4286,0.4167,Trending,,range,1,49.59,37.29,33.2,34.32,10.634426,1.907094,prob 35.71% < threshold 45.00% (Trending)
2025-08-29 21:15:00,SKIP,0.3588,0.4286,0.4167,Trending,,range,1,49.59,37.29,33.2,34.32,10.989548,2.00061,prob 35.88% < threshold 45.00% (Trending)
2025-08-29 21:30:00,SKIP,0.3583,0.4286,0.4167,Trending,,range,1,49.59,37.29,33.2,34.32,10.671511,1.929947,prob 35.83% < threshold 45.00% (Trending)
2025-08-29 21:45:00,SKIP,0.3588,0.4286,0.4167,Trending,,range,1,49.59,37.29,33.2,34.32,10.102349,1.969974,prob 35.88% < threshold 45.00% (Trending)
2025-08-29 22:00:00,SKIP,0.377,0.4286,0.6,Trending,,range,1,53.2,37.29,40.0,34.32,10.084359,1.855774,prob 37.70% < threshold 45.00% (Trending)
2025-08-29 22:15:00,SKIP,0.3588,0.4286,0.4167,Trending,,range,1,53.2,37.29,40.0,34.32,10.304089,1.759586,prob 35.88% < threshold 45.00% (Trending)
2025-08-29 22:30:00,SKIP,0.3775,0.4286,0.6042,Trending,,range,1,53.2,37.29,40.0,34.32,9.187081,1.928318,prob 37.75% < threshold 45.00% (Trending)
2025-08-29 22:45:00,SKIP,0.4497,0.4286,0.6042,Trending,,range,1,53.2,37.29,40.0,34.32,9.072979,2.008179,prob 44.97% < threshold 45.00% (Trending)
2025-08-29 23:00:00,SKIP,0.377,0.4286,0.6,Trending,,range,1,56.33,37.29,35.44,34.32,9.677218,2.16522,prob 37.70% < threshold 45.00% (Trending)
2025-08-29 23:15:00,SKIP,0.3775,0.4286,0.6042,Trending,,range,1,56.33,37.29,35.44,34.32,9.815824,2.124444,prob 37.75% < threshold 45.00% (Trending)
2025-08-29 23:30:00,SKIP,0.377,0.4286,0.6,Trending,,range,1,56.33,37.29,35.44,34.32,8.244553,2.168996,prob 37.70% < threshold 45.00% (Trending)
2025-08-29 23:45:00,SKIP,0.3588,0.4286,0.4167,Trending,,range,1,56.33,37.29,35.44,34.32,8.458549,2.055174,prob 35.88% < threshold 45.00% (Trending)
2025-09-01 01:00:00,SKIP,0.3754,0.4286,0.6,Trending,,range,1,56.14,40.86,24.23,30.96,9.204456,1.972389,prob 37.54% < threshold 45.00% (Trending)
2025-09-01 01:15:00,SKIP,0.3754,0.4286,0.6,Trending,,range,1,56.14,40.86,24.23,30.96,8.975591,2.191255,prob 37.54% < threshold 45.00% (Trending)
2025-09-01 01:30:00,SKIP,0.3588,0.4286,0.4167,Trending,,range,1,56.14,40.86,24.23,30.96,7.014971,1.770009,prob 35.88% < threshold 45.00% (Trending)
2025-09-01 01:45:00,SKIP,0.3588,0.4286,0.4167,Trending,,range,1,56.14,40.86,24.23,30.96,7.045722,1.872494,prob 35.88% < threshold 45.00% (Trending)
2025-09-01 02:00:00,SKIP,0.3775,0.4286,0.6042,Trending,,range,1,55.98,40.86,21.75,30.96,8.212246,1.891931,prob 37.75% < threshold 45.00% (Trending)
2025-09-01 02:15:00,SKIP,0.3588,0.4286,0.4167,Trending,,range,1,55.98,40.86,21.75,30.96,8.639674,1.98316,prob 35.88% < threshold 45.00% (Trending)
2025-09-01 02:30:00,SKIP,0.3544,0.4286,0.3731,Trending,,range,1,55.98,40.86,21.75,30.96,6.970668,1.926857,prob 35.44% < threshold 45.00% (Trending)
2025-09-01 02:45:00,SKIP,0.377,0.4286,0.6,Trending,,range,1,55.98,40.86,21.75,30.96,6.353379,1.972483,prob 37.70% < threshold 45.00% (Trending)
2025-09-01 03:00:00,SKIP,0.3571,0.4286,0.4167,Trending,,range,1,53.91,40.86,16.01,30.96,7.32429,1.868607,prob 35.71% < threshold 45.00% (Trending)
2025-09-01 03:15:00,SKIP,0.3754,0.4286,0.6,Trending,,range,1,53.91,40.86,16.01,30.96,7.784328,1.777252,prob 37.54% < threshold 45.00% (Trending)
2025-09-01 03:30:00,SKIP,0.3571,0.4286,0.4167,Trending,,range,1,53.91,40.86,16.01,30.96,6.081875,1.940304,prob 35.71% < threshold 45.00% (Trending)
2025-09-01 03:45:00,SKIP,0.3571,0.4286,0.4167,Trending,,range,1,53.91,40.86,16.01,30.96,5.089087,2.022487,prob 35.71% < threshold 45.00% (Trending)
2025-09-01 04:00:00,SKIP,0.443,0.4286,0.6042,Trending,,,0,55.0,46.05,26.68,44.18,5.455133,2.010561,prob 44.30% < threshold 45.00% (Trending)
2025-09-01 04:15:00,SKIP,0.4497,0.4286,0.6042,Trending,,,0,55.0,46.05,26.68,44.18,5.50095,1.730883,prob 44.97% < threshold 45.00% (Trending)
2025-09-01 04:30:00,BUY,0.6957,0.4286,0.8,Trending,,,0,55.0,46.05,26.68,44.18,3.60213,1.552125,prob=69.57% | model=combined(70%)+state(trending)+dir(BUY)(30%) | state=Trending | vol=normal | slot_wr=50.91%
2025-09-01 04:45:00,BUY,0.7598,0.6667,1.0,Trending,,,0,55.0,46.05,26.68,44.18,2.349825,1.439723,prob=75.98% | model=combined(70%)+state(trending)+dir(BUY)(30%) | state=Trending | vol=normal | slot_wr=50.91%
2025-09-01 05:00:00,BUY,0.7157,0.4286,1.0,Trending,,,0,58.41,46.05,45.82,44.18,4.603822,2.035576,prob=71.57% | model=combined(70%)+state(trending)+dir(BUY)(30%) | state=Trending | vol=normal | slot_wr=43.59%
2025-09-01 05:15:00,BUY,0.7398,0.6667,0.8,Trending,,,0,58.41,46.05,45.82,44.18,5.197851,2.582413,prob=73.98% | model=combined(70%)+state(trending)+dir(BUY)(30%) | state=Trending | vol=normal | slot_wr=43.59%
2025-09-01 05:30:00,BUY,0.7398,0.6667,0.8,Trending,,,0,58.41,46.05,45.82,44.18,3.314237,2.11967,prob=73.98% | model=combined(70%)+state(trending)+dir(BUY)(30%) | state=Trending | vol=normal | slot_wr=43.59%
2025-09-01 05:45:00,BUY,0.7203,0.6667,0.6042,Trending,,,0,58.41,46.05,45.82,44.18,2.649356,2.36201,prob=72.03% | model=combined(70%)+state(trending)+dir(BUY)(30%) | state=Trending | vol=normal | slot_wr=43.59%
2025-09-01 06:00:00,BUY,0.7203,0.6667,0.6042,Trending,,,0,61.44,46.05,39.37,44.18,5.7335,2.496558,prob=72.03% | model=combined(70%)+state(trending)+dir(BUY)(30%) | state=Trending | vol=normal | slot_wr=26.32%
2025-09-01 06:15:00,BUY,0.6989,0.551,0.6042,Trending,,,0,61.44,46.05,39.37,44.18,5.275934,2.63059,prob=69.89% | model=combined(70%)+state(trending)+dir(BUY)(30%) | state=Trending | vol=normal | slot_wr=26.32%
2025-09-01 06:30:00,SKIP,0.407,0.4286,0.6042,Trending,,,0,61.44,46.05,39.37,44.18,3.481784,2.637828,prob 40.70% < threshold 45.00% (Trending)
2025-09-01 06:45:00,SKIP,0.4359,0.4286,0.6015,Trending,,,0,61.44,46.05,39.37,44.18,3.329215,2.735289,prob 43.59% < threshold 45.00% (Trending)
2025-09-01 07:00:00,BUY,0.6762,0.4286,0.6042,Trending,,,0,64.06,46.05,36.22,44.18,6.822349,2.653351,prob=67.62% | model=combined(70%)+state(trending)+dir(BUY)(30%) | state=Trending | vol=normal | slot_wr=48.57%
2025-09-01 07:15:00,BUY,0.6762,0.4286,0.6042,Trending,,,0,64.06,46.05,36.22,44.18,5.891862,2.552722,prob=67.62% | model=combined(70%)+state(trending)+dir(BUY)(30%) | state=Trending | vol=normal | slot_wr=48.57%
2025-09-01 07:30:00,BUY,0.6762,0.4286,0.6042,Trending,,,0,64.06,46.05,36.22,44.18,4.485018,2.736309,prob=67.62% | model=combined(70%)+state(trending)+dir(BUY)(30%) | state=Trending | vol=normal | slot_wr=48.57%
2025-09-01 07:45:00,BUY,0.6762,0.4286,0.6042,Trending,,,0,64.06,46.05,36.22,44.18,4.413828,2.852678,prob=67.62% | model=combined(70%)+state(trending)+dir(BUY)(30%) | state=Trending | vol=normal | slot_wr=48.57%
2025-09-01 08:00:00,SKIP,0.3588,0.4286,0.4167,Trending,,range,1,66.56,50.68,36.49,39.95,8.360133,2.878186,prob 35.88% < threshold 45.00% (Trending)
2025-09-01 08:15:00,SKIP,0.4014,0.5603,0.6,Trending,,range,1,66.56,50.68,36.49,39.95,7.571148,2.69351,prob 40.14% < threshold 45.00% (Trending)
2025-09-01 08:30:00,SKIP,0.3646,0.4603,0.4167,Trending,,range,1,66.56,50.68,36.49,39.95,6.517046,2.551937,prob 36.46% < threshold 45.00% (Trending)
2025-09-01 08:45:00,SKIP,0.3938,0.4286,0.6,Trending,,range,1,66.56,50.68,36.49,39.95,6.733739,2.425592,prob 39.38% < threshold 45.00% (Trending)
2025-09-01 09:00:00,BUY,0.4938,0.6667,0.6042,Trending,,range,1,69.12,50.68,39.12,39.95,9.010163,2.682196,prob=49.38% | model=combined(70%)+state(trending)+dir(BUY)(30%) | state=Trending | vol=normal | slot_wr=35.85%
2025-09-01 09:15:00,BUY,0.492,0.6594,0.6,Trending,,range,1,69.12,50.68,39.12,39.95,7.727808,2.759805,prob=49.20% | model=combined(70%)+state(trending)+dir(BUY)(30%) | state=Trending | vol=normal | slot_wr=35.85%
2025-09-01 09:30:00,SKIP,0.4493,0.4286,0.6008,Trending,,range,1,69.12,50.68,39.12,39.95,6.939881,2.285228,prob 44.93% < threshold 45.00% (Trending)
2025-09-01 09:45:00,SKIP,0.377,0.4286,0.6,Trending,,range,1,69.12,50.68,39.12,39.95,7.049126,2.475971,prob 37.70% < threshold 45.00% (Trending)
2025-09-01 10:00:00,SKIP,0.3571,0.4286,0.4167,Trending,,range,1,66.23,50.68,23.28,39.95,8.718951,2.411235,prob 35.71% < threshold 45.00% (Trending)
2025-09-01 10:15:00,SKIP,0.3527,0.4286,0.3731,Trending,,range,1,66.23,50.68,23.28,39.95,7.554068,2.512524,prob 35.27% < threshold 45.00% (Trending)
2025-09-01 10:30:00,SKIP,0.3527,0.4286,0.3731,Trending,,range,1,66.23,50.68,23.28,39.95,6.045612,2.52459,prob 35.27% < threshold 45.00% (Trending)
2025-09-01 10:45:00,SKIP,0.3527,0.4286,0.3731,Trending,,range,1,66.23,50.68,23.28,39.95,5.620676,2.620124,prob 35.27% < threshold 45.00% (Trending)
2025-09-01 11:00:00,SKIP,0.3571,0.4286,0.4167,Trending,,range,1,63.72,50.68,21.77,39.95,6.778063,2.545399,prob 35.71% < threshold 45.00% (Trending)
2025-09-01 11:15:00,SKIP,0.377,0.4286,0.6,Trending,,range,1,63.72,50.68,21.77,39.95,6.211358,2.450309,prob 37.70% < threshold 45.00% (Trending)
2025-09-01 11:30:00,SKIP,0.3588,0.4286,0.4167,Trending,,range,1,63.72,50.68,21.77,39.95,4.831067,2.622979,prob 35.88% < threshold 45.00% (Trending)
2025-09-01 11:45:00,SKIP,0.3527,0.4286,0.3731,Trending,,range,1,63.72,50.68,21.77,39.95,4.294258,2.733737,prob 35.27% < threshold 45.00% (Trending)
2025-09-01 12:00:00,SKIP,0.2694,0.0,0.3333,Trending,,range,1,58.04,54.14,10.38,35.66,4.975809,2.75583,prob 26.94% < threshold 45.00% (Trending)
2025-09-01 12:15:00,SKIP,0.2657,0.0,0.2308,Trending,,range,1,58.04,54.14,10.38,35.66,4.894622,2.590859,prob 26.57% < threshold 45.00% (Trending)
2025-09-01 12:30:00,SKIP,0.2657,0.0,0.2308,Trending,,range,1,58.04,54.14,10.38,35.66,3.703274,2.46188,prob 26.57% < threshold 45.00% (Trending)
2025-09-01 12:45:00,SKIP,0.2657,0.0,0.2308,Trending,,range,1,58.04,54.14,10.38,35.66,2.595743,2.342586,prob 26.57% < threshold 45.00% (Trending)
2025-09-01 13:00:00,SKIP,0.2657,0.0,0.2308,Trending,,range,1,52.68,54.14,8.16,35.66,2.032412,2.577168,prob 26.57% < threshold 45.00% (Trending)
2025-09-01 13:15:00,SKIP,0.2613,0.0,0.1961,Trending,,range,1,52.68,54.14,8.16,35.66,2.465541,2.644521,prob 26.13% < threshold 45.00% (Trending)
2025-09-01 13:30:00,SKIP,0.2733,0.0,0.3731,Trending,,range,1,52.68,54.14,8.16,35.66,1.655627,2.192139,prob 27.33% < threshold 45.00% (Trending)
2025-09-01 13:45:00,SKIP,0.2733,0.0,0.3731,Trending,,range,1,52.68,54.14,8.16,35.66,0.380931,1.929662,prob 27.33% < threshold 45.00% (Trending)
2025-09-01 14:00:00,SKIP,0.2733,0.0,0.3731,Trending,,range,1,48.04,54.14,7.53,35.66,-1.052574,1.871442,prob 27.33% < threshold 45.00% (Trending)
2025-09-01 14:15:00,SKIP,0.2733,0.0,0.3731,Trending,,range,1,48.04,54.14,7.53,35.66,0.035857,1.964745,prob 27.33% < threshold 45.00% (Trending)
2025-09-01 14:30:00,SKIP,0.3351,0.3333,0.3731,Trending,,range,1,48.04,54.14,7.53,35.66,0.44012,1.918639,prob 33.51% < threshold 45.00% (Trending)
2025-09-01 14:45:00,SKIP,0.2694,0.0,0.3333,Trending,,range,1,48.04,54.14,7.53,35.66,-0.356095,2.273767,prob 26.94% < threshold 45.00% (Trending)
2025-09-01 15:00:00,SKIP,0.2694,0.0,0.3333,Trending,,range,1,43.7,54.14,6.2,35.66,-2.286588,2.205334,prob 26.94% < threshold 45.00% (Trending)
2025-09-01 15:15:00,SKIP,0.2694,0.0,0.3333,Trending,,range,1,43.7,54.14,6.2,35.66,-1.007978,2.11495,prob 26.94% < threshold 45.00% (Trending)
2025-09-01 15:30:00,SKIP,0.2694,0.0,0.3333,Trending,,range,1,43.7,54.14,6.2,35.66,-0.604246,2.272496,prob 26.94% < threshold 45.00% (Trending)
2025-09-01 15:45:00,SKIP,0.2694,0.0,0.3333,Trending,,range,1,43.7,54.14,6.2,35.66,-1.333643,2.372021,prob 26.94% < threshold 45.00% (Trending)
2025-09-01 16:00:00,BUY,0.6575,0.4286,0.4167,Trending,,range,1,42.61,57.36,15.95,35.57,-3.531338,2.391578,prob=65.75% | model=combined(70%)+state(trending)+dir(BUY)(30%) | state=Trending | vol=normal | slot_wr=41.86%
2025-09-01 16:15:00,SKIP,0.4492,0.4286,0.6,Trending,,range,1,42.61,57.36,15.95,35.57,-1.70089,2.244478,prob 44.92% < threshold 45.00% (Trending)
2025-09-01 16:30:00,SKIP,0.4492,0.4286,0.6,Trending,,range,1,42.61,57.36,15.95,35.57,-1.183673,2.127915,prob 44.92% < threshold 45.00% (Trending)
2025-09-01 16:45:00,SKIP,0.3999,0.3637,0.4167,Trending,,range,1,42.61,57.36,15.95,35.57,-1.446681,2.015631,prob 39.99% < threshold 45.00% (Trending)
2025-09-01 17:00:00,BUY,0.6575,0.4286,0.4167,Trending,,range,1,42.36,57.36,17.58,35.57,-2.925496,2.279298,prob=65.75% | model=combined(70%)+state(trending)+dir(BUY)(30%) | state=Trending | vol=normal | slot_wr=57.14%
2025-09-01 17:15:00,SKIP,0.4076,0.4286,0.3731,Trending,,range,1,42.36,57.36,17.58,35.57,-1.181086,2.455627,prob 40.76% < threshold 45.00% (Trending)
2025-09-01 17:30:00,SKIP,0.3445,0.375,0.3731,Trending,,range,1,42.36,57.36,17.58,35.57,-0.789943,2.035558,prob 34.45% < threshold 45.00% (Trending)
2025-09-01 17:45:00,SKIP,0.4167,0.375,0.3731,Trending,,range,1,42.36,57.36,17.58,35.57,-0.975867,1.791829,prob 41.67% < threshold 45.00% (Trending)
2025-09-01 18:00:00,SKIP,0.3544,0.4286,0.3731,Trending,,range,1,42.02,57.36,15.82,35.57,-2.045708,1.751441,prob 35.44% < threshold 45.00% (Trending)
2025-09-01 18:15:00,SKIP,0.3351,0.3333,0.3731,Trending,,range,1,42.02,57.36,15.82,35.57,-0.546557,1.862414,prob 33.51% < threshold 45.00% (Trending)
2025-09-01 18:30:00,SKIP,0.3428,0.375,0.3731,Trending,,range,1,42.02,57.36,15.82,35.57,-0.536037,1.822733,prob 34.28% < threshold 45.00% (Trending)
2025-09-01 18:45:00,SKIP,0.3351,0.3333,0.3731,Trending,,range,1,42.02,57.36,15.82,35.57,-0.538683,2.151588,prob 33.51% < threshold 45.00% (Trending)
2025-09-01 19:00:00,SKIP,0.2694,0.0,0.3333,Trending,,range,1,40.79,57.36,12.52,35.57,-1.25974,2.088668,prob 26.94% < threshold 45.00% (Trending)
2025-09-01 19:15:00,SKIP,0.2694,0.0,0.3333,Trending,,range,1,40.79,57.36,12.52,35.57,-0.259675,2.003997,prob 26.94% < threshold 45.00% (Trending)
2025-09-01 19:30:00,SKIP,0.3368,0.3333,0.3731,Trending,,range,1,40.79,57.36,12.52,35.57,-0.263694,2.161898,prob 33.68% < threshold 45.00% (Trending)
2025-09-01 19:45:00,SKIP,0.4208,0.3561,0.6,Trending,,range,1,40.79,57.36,12.52,35.57,-0.236454,2.263163,prob 42.08% < threshold 45.00% (Trending)
2025-09-01 20:00:00,SKIP,0.3488,0.375,0.4167,Trending,,range,1,40.24,60.16,14.09,34.69,-0.670616,2.331548,prob 34.88% < threshold 45.00% (Trending)
2025-09-01 20:15:00,SKIP,0.4196,0.3971,0.4167,Trending,,range,1,40.24,60.16,14.09,34.69,-0.288144,2.179619,prob 41.96% < threshold 45.00% (Trending)
2025-09-01 20:30:00,SKIP,0.4254,0.4286,0.4167,Trending,,range,1,40.24,60.16,14.09,34.69,-0.366958,2.060487,prob 42.54% < threshold 45.00% (Trending)
2025-09-01 20:45:00,SKIP,0.4171,0.4221,0.4167,Trending,,range,1,40.24,60.16,14.09,34.69,-0.191883,1.946511,prob 41.71% < threshold 45.00% (Trending)
2025-09-01 21:00:00,SKIP,0.3351,0.3333,0.3731,Trending,,range,1,39.75,60.16,13.57,34.69,-0.613354,2.178511,prob 33.51% < threshold 45.00% (Trending)
