bar_time,signal,win_prob,state_prob,dir_prob,hmm_state,atr20_pct,blocked_by,smma_score,smma_required_threshold,adx_strength_score,adx_strength_penalty,effective_threshold,in_range_phase,H1_ADX,H4_ADX,H1_DI_diff,H4_DI_diff,h1_adx_slope,h4_adx_slope,ts_line_dist_pct,ts_htf_agreement,ts_adx_switch_trend,reason
2026-03-30 01:00:00,SELL,0.4932,0.6,0.3947,Volatile,,,0.0,0.42,0.0,0.0,0.42,0,32.18,25.84,2.0,7.98,1.289288,-1.918575,-0.378504,1.0,1.0,prob=49.32% | model=combined(70%)+state(volatile)+dir(SELL)(30%) | state=Volatile | vol=normal | slot_wr=36.26%
2026-03-30 01:15:00,SKIP,0.4578,0.4333,0.3226,Ranging,,,0.0,0.48,0.0,0.0,0.48,0,32.18,25.84,2.0,7.98,-1.757171,-1.919805,-0.021103,1.0,1.0,prob 45.78% < threshold 48.00% (Ranging)
2026-03-30 01:30:00,SKIP,0.4421,0.3333,0.3226,Ranging,,,0.0,0.48,0.0,0.0,0.48,0,32.18,25.84,2.0,7.98,-2.790616,-2.492105,-0.375483,1.0,1.0,prob 44.21% < threshold 48.00% (Ranging)
2026-03-30 01:45:00,SELL,0.464,0.4324,0.3947,Volatile,,,0.0,0.42,0.0,0.0,0.42,0,32.18,25.84,2.0,7.98,-1.185677,-2.25151,-0.570882,1.0,1.0,prob=46.40% | model=combined(70%)+state(volatile)+dir(SELL)(30%) | state=Volatile | vol=normal | slot_wr=36.26%
2026-03-30 02:00:00,SELL,0.4919,0.4333,0.5882,Ranging,,,0.0,0.48,0.0,0.0,0.48,0,28.15,25.66,0.75,7.4,-0.099452,-2.211034,-0.704493,-1.0,1.0,prob=49.19% | model=combined(70%)+state(ranging)+dir(SELL)(30%) | state=Ranging | vol=normal | slot_wr=38.24%
2026-03-30 02:15:00,SKIP,0.4081,0.0,0.4647,Volatile,,,0.0,0.42,0.0,0.0,0.42,0,28.15,25.66,0.75,7.4,-2.54535,-2.062795,-0.72399,-1.0,1.0,prob 40.81% < threshold 42.00% (Volatile)
2026-03-30 02:30:00,SELL,0.4919,0.4333,0.5882,Ranging,,,0.0,0.48,0.0,0.0,0.48,0,29.82,24.45,-6.15,3.55,-3.7205,-1.971332,-1.047255,-1.0,1.0,prob=49.19% | model=combined(70%)+state(ranging)+dir(SELL)(30%) | state=Ranging | vol=normal | slot_wr=38.24%
2026-03-30 02:45:00,SELL,0.4734,0.4167,0.4647,Volatile,,,0.0,0.42,0.0,0.0,0.42,0,29.98,24.36,-6.72,3.22,-3.008136,-1.730623,-0.979902,-1.0,1.0,prob=47.34% | model=combined(70%)+state(volatile)+dir(SELL)(30%) | state=Volatile | vol=normal | slot_wr=38.24%
2026-03-30 03:00:00,SELL,0.5296,0.2615,0.5899,Trending,,,0.0,0.45,0.0,0.0,0.45,0,30.14,23.75,-14.55,-1.13,-2.081882,-1.474553,-1.253993,-1.0,1.0,prob=52.96% | model=combined(70%)+state(trending)+dir(SELL)(30%) | state=Trending | vol=normal | slot_wr=33.70%
2026-03-30 03:15:00,SELL,0.4903,0.6,0.3947,Volatile,,,0.0,0.42,0.0,0.0,0.42,0,30.14,23.75,-13.79,-1.13,-3.156084,-1.294076,-0.441627,-1.0,1.0,prob=49.03% | model=combined(70%)+state(volatile)+dir(SELL)(30%) | state=Volatile | vol=normal | slot_wr=33.70%
2026-03-30 03:30:00,SELL,0.464,0.4324,0.3947,Volatile,,,0.0,0.42,0.0,0.0,0.42,0,30.14,23.75,-13.79,-1.13,-4.031334,-1.151203,-0.492182,-1.0,1.0,prob=46.40% | model=combined(70%)+state(volatile)+dir(SELL)(30%) | state=Volatile | vol=normal | slot_wr=33.70%
2026-03-30 03:45:00,SELL,0.4884,0.0,0.5882,Volatile,,,0.0,0.42,0.0,0.0,0.42,0,30.14,23.75,-13.79,-1.13,-3.91576,-1.183154,-0.632757,-1.0,1.0,prob=48.84% | model=combined(70%)+state(volatile)+dir(SELL)(30%) | state=Volatile | vol=normal | slot_wr=33.70%
2026-03-30 04:00:00,SELL,0.4669,0.4324,0.3947,Volatile,,,0.0,0.42,0.0,0.0,0.42,0,30.28,20.89,-12.33,-1.08,-3.179394,-1.194248,0.000567,-3.0,-1.0,prob=46.69% | model=combined(70%)+state(volatile)+dir(SELL)(30%) | state=Volatile | vol=normal | slot_wr=46.32%
2026-03-30 04:15:00,SELL,0.4577,0.4324,0.3226,Volatile,,,0.0,0.42,0.0,0.0,0.42,0,30.28,20.89,-12.14,-1.06,-3.723194,-1.213001,0.387602,-1.0,-1.0,prob=45.77% | model=combined(70%)+state(volatile)+dir(SELL)(30%) | state=Volatile | vol=normal | slot_wr=46.32%
2026-03-30 04:30:00,SKIP,0.4285,0.1972,0.4643,Ranging,,,0.0,0.48,0.0,0.0,0.48,0,28.97,20.89,-8.7,-1.04,-4.051885,-1.324115,0.883789,-1.0,-1.0,prob 42.85% < threshold 48.00% (Ranging)
2026-03-30 04:45:00,BUY,0.472,0.4324,0.4643,Volatile,,,0.0,0.42,0.0,0.0,0.42,0,28.97,20.89,-8.7,-1.04,-4.996656,-1.342191,0.696411,-1.0,-1.0,prob=47.20% | model=combined(70%)+state(volatile)+dir(BUY)(30%) | state=Volatile | vol=normal | slot_wr=46.32%
2026-03-30 05:00:00,SKIP,0.4179,0.1972,0.3226,Ranging,,,0.0,0.48,0.0,0.0,0.48,0,27.95,20.89,-8.41,-1.04,-4.091595,-1.328829,0.688481,-1.0,-1.0,prob 41.79% < threshold 48.00% (Ranging)
2026-03-30 05:15:00,SKIP,0.4309,0.2615,0.3226,Trending,,,0.0,0.45,0.0,0.0,0.45,0,27.95,20.89,-8.41,-1.04,-3.333394,-1.650999,0.471438,-1.0,-1.0,prob 43.09% < threshold 45.00% (Trending)
2026-03-30 05:30:00,SKIP,0.4673,0.3333,0.5714,Ranging,,,0.0,0.48,0.0,0.0,0.48,0,25.19,20.89,0.28,-1.0,-3.194727,-1.629839,0.802915,-1.0,-1.0,prob 46.73% < threshold 48.00% (Ranging)
2026-03-30 05:45:00,SKIP,0.4673,0.3333,0.5714,Ranging,,,0.0,0.48,0.0,0.0,0.48,0,25.19,20.89,0.28,-1.0,-5.087265,-1.52245,0.419501,-1.0,-1.0,prob 46.73% < threshold 48.00% (Ranging)
2026-03-30 06:00:00,BUY,0.4858,0.4333,0.5714,Ranging,,,0.0,0.48,0.0,0.0,0.48,0,22.98,20.89,3.62,-0.98,-4.271589,-1.458096,0.934796,1.0,-1.0,prob=48.58% | model=combined(70%)+state(ranging)+dir(BUY)(30%) | state=Ranging | vol=normal | slot_wr=26.76%
2026-03-30 06:15:00,BUY,0.4856,0.4324,0.5714,Volatile,,,0.0,0.42,0.0,0.0,0.42,0,23.79,20.75,6.42,-0.53,-3.061281,-1.261467,0.826682,1.0,-1.0,prob=48.56% | model=combined(70%)+state(volatile)+dir(BUY)(30%) | state=Volatile | vol=normal | slot_wr=26.76%
2026-03-30 06:30:00,BUY,0.453,0.4167,0.303,Volatile,,,0.0,0.42,0.0,0.0,0.42,0,23.79,20.75,6.42,-0.53,-2.613131,-1.168434,0.648037,1.0,-1.0,prob=45.30% | model=combined(70%)+state(volatile)+dir(BUY)(30%) | state=Volatile | vol=normal | slot_wr=26.76%
2026-03-30 06:45:00,BUY,0.453,0.4167,0.303,Volatile,,,0.0,0.42,0.0,0.0,0.42,0,23.79,20.75,6.42,-0.53,-4.149391,-1.245507,0.154854,1.0,-1.0,prob=45.30% | model=combined(70%)+state(volatile)+dir(BUY)(30%) | state=Volatile | vol=normal | slot_wr=26.76%
2026-03-30 07:00:00,SKIP,0.2817,0.1972,0.3226,Ranging,,,0.0,0.48,0.0,0.0,0.48,0,22.58,20.75,6.13,-0.53,-3.348468,-1.051717,-0.151496,1.0,-1.0,prob 28.17% < threshold 48.00% (Ranging)
2026-03-30 07:15:00,SKIP,0.4359,0.3333,0.2857,Ranging,,,0.0,0.48,0.0,0.0,0.48,0,22.58,20.75,6.13,-0.53,-3.106451,-1.201642,-0.383535,-1.0,-1.0,prob 43.59% < threshold 48.00% (Ranging)
2026-03-30 07:30:00,SKIP,0.4359,0.3333,0.2857,Ranging,,,0.0,0.48,0.0,0.0,0.48,0,22.58,20.75,6.13,-0.53,-3.075448,-1.068974,-0.335579,-1.0,-1.0,prob 43.59% < threshold 48.00% (Ranging)
2026-03-30 07:45:00,SKIP,0.4673,0.3333,0.5714,Ranging,,,0.0,0.48,0.0,0.0,0.48,0,22.58,20.75,6.13,-0.53,-4.063168,-1.098643,-0.057393,-1.0,-1.0,prob 46.73% < threshold 48.00% (Ranging)
2026-03-30 08:00:00,BUY,0.5652,0.4333,0.7222,Ranging,,,0.0,0.48,0.0,0.0,0.48,0,22.52,18.15,9.65,-0.51,-3.234601,-1.108944,0.379053,1.0,-1.0,prob=56.52% | model=combined(70%)+state(ranging)+dir(BUY)(30%) | state=Ranging | vol=normal | slot_wr=36.14%
2026-03-30 08:15:00,BUY,0.5157,0.3333,0.7222,Ranging,,,0.0,0.48,0.0,0.0,0.48,0,23.21,18.15,12.38,-0.51,-3.165989,-1.167218,0.39232,1.0,-1.0,prob=51.57% | model=combined(70%)+state(ranging)+dir(BUY)(30%) | state=Ranging | vol=normal | slot_wr=36.14%
2026-03-30 08:30:00,BUY,0.4978,0.3785,0.7222,Ranging,,,0.0,0.48,0.0,0.0,0.48,0,23.21,18.15,12.38,-0.51,-3.267632,-1.269448,0.40609,1.0,-1.0,prob=49.78% | model=combined(70%)+state(ranging)+dir(BUY)(30%) | state=Ranging | vol=normal | slot_wr=36.14%
2026-03-30 08:45:00,BUY,0.579,0.8401,0.75,Trending,,,0.0,0.45,0.0,0.0,0.45,0,24.18,18.48,16.58,1.57,-3.394506,-1.285935,0.536183,1.0,-1.0,prob=57.90% | model=combined(70%)+state(trending)+dir(BUY)(30%) | state=Trending | vol=normal | slot_wr=36.14%
2026-03-30 09:00:00,BUY,0.553,0.7962,0.5714,Trending,,,0.0,0.45,0.0,0.0,0.45,0,26.01,18.81,17.79,2.65,-1.954182,-1.440769,0.656633,1.0,-1.0,prob=55.30% | model=combined(70%)+state(trending)+dir(BUY)(30%) | state=Trending | vol=normal | slot_wr=36.00%
2026-03-30 09:15:00,BUY,0.506,0.6,0.4643,Trending,,,0.0,0.45,0.0,0.0,0.45,0,26.08,18.86,18.08,2.8,-2.150712,-1.857571,0.510851,1.0,-1.0,prob=50.60% | model=combined(70%)+state(trending)+dir(BUY)(30%) | state=Trending | vol=normal | slot_wr=36.00%
2026-03-30 09:30:00,BUY,0.53,0.7778,0.375,Trending,,,0.0,0.45,0.0,0.0,0.45,0,26.51,19.21,20.2,3.98,-2.55441,-1.876423,0.638006,1.0,-1.0,prob=53.00% | model=combined(70%)+state(trending)+dir(BUY)(30%) | state=Trending | vol=normal | slot_wr=36.00%
2026-03-30 09:45:00,BUY,0.5496,0.7778,0.5714,Trending,,,0.0,0.45,0.0,0.0,0.45,0,27.03,19.65,22.85,5.5,-1.606529,-2.017457,0.298257,1.0,-1.0,prob=54.96% | model=combined(70%)+state(trending)+dir(BUY)(30%) | state=Trending | vol=normal | slot_wr=36.00%
2026-03-30 10:00:00,BUY,0.4971,0.6,0.375,Trending,,,0.0,0.45,0.0,0.0,0.45,0,29.49,19.65,21.82,5.5,0.106885,-1.859916,0.256917,1.0,-1.0,prob=49.71% | model=combined(70%)+state(trending)+dir(BUY)(30%) | state=Trending | vol=normal | slot_wr=32.65%
2026-03-30 10:15:00,BUY,0.4853,0.6,0.2857,Trending,,,0.0,0.45,0.0,0.0,0.45,0,29.49,19.65,21.52,5.5,-0.616,-1.865454,-0.098732,1.0,-1.0,prob=48.53% | model=combined(70%)+state(trending)+dir(BUY)(30%) | state=Trending | vol=normal | slot_wr=32.65%
2026-03-30 10:30:00,SKIP,0.4226,0.2615,0.2857,Trending,,,0.0,0.45,0.0,0.0,0.45,0,29.29,19.65,20.61,5.5,-1.188342,-1.658037,-0.394035,-1.0,-1.0,prob 42.26% < threshold 45.00% (Trending)
2026-03-30 10:45:00,SKIP,0.4226,0.2615,0.2857,Trending,,,0.0,0.45,0.0,0.0,0.45,0,29.29,19.65,20.61,5.5,-0.27673,-1.729578,-0.213322,-1.0,-1.0,prob 42.26% < threshold 45.00% (Trending)
2026-03-30 11:00:00,BUY,0.487,0.6,0.303,Trending,,,0.0,0.45,0.0,0.0,0.45,0,31.42,19.65,20.52,5.5,1.410281,-1.541307,0.051196,-1.0,-1.0,prob=48.70% | model=combined(70%)+state(trending)+dir(BUY)(30%) | state=Trending | vol=normal | slot_wr=29.73%
2026-03-30 11:15:00,BUY,0.506,0.6,0.4643,Trending,,,0.0,0.45,0.0,0.0,0.45,0,31.42,19.65,20.52,5.5,0.240938,-1.693245,0.208836,1.0,-1.0,prob=50.60% | model=combined(70%)+state(trending)+dir(BUY)(30%) | state=Trending | vol=normal | slot_wr=29.73%
2026-03-30 11:30:00,BUY,0.506,0.6,0.4643,Trending,,,0.0,0.45,0.0,0.0,0.45,0,31.49,19.65,20.89,5.5,-0.112913,-1.549537,0.237018,1.0,-1.0,prob=50.60% | model=combined(70%)+state(trending)+dir(BUY)(30%) | state=Trending | vol=normal | slot_wr=29.73%
2026-03-30 11:45:00,BUY,0.506,0.6,0.4643,Trending,,,0.0,0.45,0.0,0.0,0.45,0,31.65,19.65,21.68,5.5,0.958082,-1.565939,0.314808,1.0,-1.0,prob=50.60% | model=combined(70%)+state(trending)+dir(BUY)(30%) | state=Trending | vol=normal | slot_wr=29.73%
2026-03-30 12:00:00,SKIP,0.2864,0.2615,0.2857,Trending,,,0.0,0.45,0.0,0.0,0.45,0,33.71,18.7,20.48,5.36,2.758236,-1.568635,0.07271,3.0,1.0,prob 28.64% < threshold 45.00% (Trending|post-news✅)
2026-03-30 12:15:00,SKIP,0.4226,0.2615,0.2857,Trending,,,0.0,0.45,0.0,0.0,0.45,0,33.41,18.7,19.36,5.32,1.150641,-1.610892,-0.040822,3.0,1.0,prob 42.26% < threshold 45.00% (Trending)
2026-03-30 12:30:00,SKIP,0.4404,0.2615,0.4643,Trending,,,0.0,0.45,0.0,0.0,0.45,0,33.41,18.7,19.36,5.32,0.747281,-1.693877,-0.050753,1.0,1.0,prob 44.04% < threshold 45.00% (Trending)
2026-03-30 12:45:00,SKIP,0.2864,0.2615,0.2857,Trending,,,0.0,0.45,0.0,0.0,0.45,0,33.41,18.7,19.36,5.32,1.920105,-1.705567,-0.125904,1.0,1.0,prob 28.64% < threshold 45.00% (Trending)
2026-03-30 13:00:00,SKIP,0.4433,0.2615,0.4643,Trending,,,0.0,0.45,0.0,0.0,0.45,0,34.93,18.7,18.66,5.32,3.107015,-1.677337,-0.110001,1.0,1.0,prob 44.33% < threshold 45.00% (Trending)
2026-03-30 13:15:00,SKIP,0.4433,0.2615,0.4643,Trending,,,0.0,0.45,0.0,0.0,0.45,0,34.93,18.7,18.17,5.32,1.155151,-1.652929,-0.147779,1.0,1.0,prob 44.33% < threshold 45.00% (Trending)
2026-03-30 13:30:00,SKIP,0.4226,0.2615,0.2857,Trending,,,0.0,0.45,0.0,0.0,0.45,0,34.93,18.7,18.17,5.32,0.996226,-1.990678,-0.084776,1.0,1.0,prob 42.26% < threshold 45.00% (Trending)
2026-03-30 13:45:00,SKIP,0.4272,0.2615,0.303,Trending,,,0.0,0.45,0.0,0.0,0.45,0,34.93,18.7,18.17,5.32,2.077657,-1.741976,-0.107742,1.0,1.0,prob 42.72% < threshold 45.00% (Trending)
2026-03-30 14:00:00,BUY,0.5334,0.2615,0.7222,Trending,,,0.0,0.45,0.0,0.0,0.45,0,35.68,18.7,15.58,5.32,2.904876,-1.727065,0.049832,1.0,1.0,prob=53.34% | model=combined(70%)+state(trending)+dir(BUY)(30%) | state=Trending | vol=normal | slot_wr=51.85%
2026-03-30 14:15:00,BUY,0.6307,0.7389,0.75,Trending,,,0.0,0.45,0.0,0.0,0.45,0,37.0,18.7,20.14,5.23,0.818228,-1.732207,0.331956,3.0,1.0,prob=63.07% | model=combined(70%)+state(trending)+dir(BUY)(30%) | state=Trending | vol=normal | slot_wr=51.85%
2026-03-30 14:30:00,BUY,0.7301,0.6,0.8,Trending,,,0.0,0.45,0.0,0.0,0.45,0,38.21,19.47,26.74,7.92,1.070142,-1.539606,0.813537,3.0,1.0,prob=73.01% | model=combined(70%)+state(trending)+dir(BUY)(30%) | state=Trending | vol=normal | slot_wr=51.85%
2026-03-30 14:45:00,BUY,0.6318,0.7778,0.75,Trending,,,0.0,0.45,0.0,0.0,0.45,0,38.96,20.16,31.64,10.55,2.706012,-1.856045,0.626211,3.0,1.0,prob=63.18% | model=combined(70%)+state(trending)+dir(BUY)(30%) | state=Trending | vol=normal | slot_wr=51.85%
2026-03-30 15:00:00,BUY,0.5989,0.6,0.75,Trending,,,0.0,0.45,0.0,0.0,0.45,0,42.44,20.16,29.27,10.55,3.747179,-1.91601,0.476044,3.0,1.0,prob=59.89% | model=combined(70%)+state(trending)+dir(BUY)(30%) | state=Trending | vol=normal | slot_wr=40.38%
2026-03-30 15:15:00,BUY,0.6318,0.7778,0.75,Trending,,,0.0,0.45,0.0,0.0,0.45,0,42.44,20.16,28.38,10.55,1.891627,-2.068227,0.44789,3.0,1.0,prob=63.18% | model=combined(70%)+state(trending)+dir(BUY)(30%) | state=Trending | vol=normal | slot_wr=40.38%
2026-03-30 15:30:00,BUY,0.5989,0.6,0.75,Trending,,,0.0,0.45,0.0,0.0,0.45,0,42.44,20.16,27.18,10.55,2.19256,-1.918468,0.618313,3.0,1.0,prob=59.89% | model=combined(70%)+state(trending)+dir(BUY)(30%) | state=Trending | vol=normal | slot_wr=40.38%
2026-03-30 15:45:00,BUY,0.5961,0.6,0.7222,Trending,,,0.0,0.45,0.0,0.0,0.45,0,42.44,20.16,27.18,10.55,3.650682,-1.775887,0.405364,3.0,1.0,prob=59.61% | model=combined(70%)+state(trending)+dir(BUY)(30%) | state=Trending | vol=normal | slot_wr=40.38%
2026-03-30 16:00:00,BUY,0.598,0.6,0.7409,Trending,,,0.0,0.45,0.0,0.0,0.45,0,45.51,20.6,25.39,10.16,4.391659,-1.72324,0.180939,3.0,1.0,prob=59.80% | model=combined(70%)+state(trending)+dir(BUY)(30%) | state=Trending | vol=normal | slot_wr=47.25%
2026-03-30 16:15:00,BUY,0.5989,0.6,0.75,Trending,,,0.0,0.45,0.0,0.0,0.45,0,45.51,20.6,25.11,10.12,2.791974,-1.466284,0.150096,3.0,1.0,prob=59.89% | model=combined(70%)+state(trending)+dir(BUY)(30%) | state=Trending | vol=normal | slot_wr=47.25%
2026-03-30 16:30:00,SKIP,0.4272,0.2615,0.303,Trending,,,0.0,0.45,0.0,0.0,0.45,0,44.9,20.6,22.14,9.8,3.136113,-1.329166,-0.370186,3.0,1.0,prob 42.72% < threshold 45.00% (Trending)
2026-03-30 16:45:00,SELL,0.4932,0.6,0.3947,Volatile,,,0.0,0.42,0.0,0.0,0.42,0,39.83,20.07,9.79,7.99,4.329494,-1.327539,-1.113539,1.0,1.0,prob=49.32% | model=combined(70%)+state(volatile)+dir(SELL)(30%) | state=Volatile | vol=normal | slot_wr=47.25%
2026-03-30 17:00:00,SKIP,0.4485,0.3333,0.3947,Ranging,,,0.0,0.48,0.0,0.0,0.48,0,37.57,20.07,9.07,7.99,3.635492,-1.388262,-0.879366,-1.0,1.0,prob 44.85% < threshold 48.00% (Ranging)
2026-03-30 17:15:00,SKIP,0.4514,0.3333,0.3947,Ranging,,,0.0,0.48,0.0,0.0,0.48,0,36.87,19.76,7.15,7.11,1.978866,-1.090779,-0.930067,-1.0,1.0,prob 45.14% < threshold 48.00% (Ranging)
2026-03-30 17:30:00,SKIP,0.4671,0.4333,0.3947,Ranging,,,0.0,0.48,0.0,0.0,0.48,0,36.87,19.76,7.15,7.11,1.939449,-1.59392,-0.567005,-1.0,1.0,prob 46.71% < threshold 48.00% (Ranging|post-news✅)
2026-03-30 17:45:00,SKIP,0.4571,0.1972,0.7222,Ranging,,,0.0,0.48,0.0,0.0,0.48,0,36.87,19.76,6.99,7.11,3.356861,-1.170605,-0.066924,-1.0,1.0,prob 45.71% < threshold 48.00% (Ranging)
2026-03-30 18:00:00,SKIP,0.2817,0.1972,0.3226,Ranging,,,0.0,0.48,0.0,0.0,0.48,0,34.57,19.76,7.57,7.11,2.738933,-1.026452,0.319175,1.0,1.0,prob 28.17% < threshold 48.00% (Ranging)
2026-03-30 18:15:00,SKIP,0.4392,0.3333,0.3226,Ranging,,,0.0,0.48,0.0,0.0,0.48,0,34.57,19.76,7.33,7.11,0.99222,-1.366466,0.260252,1.0,1.0,prob 43.92% < threshold 48.00% (Ranging)
2026-03-30 18:30:00,SKIP,0.4285,0.1972,0.4643,Ranging,,,0.0,0.48,0.0,0.0,0.48,0,35.7,19.76,11.26,7.11,0.588815,-1.603399,0.566728,1.0,1.0,prob 42.85% < threshold 48.00% (Ranging)
2026-03-30 18:45:00,SKIP,0.4537,0.3333,0.4643,Ranging,,,0.0,0.48,0.0,0.0,0.48,0,35.96,19.76,12.26,7.11,1.925321,-1.68289,0.488245,1.0,1.0,prob 45.37% < threshold 48.00% (Ranging)
2026-03-30 19:00:00,BUY,0.4823,0.3333,0.7222,Ranging,,,0.0,0.48,0.0,0.0,0.48,0,35.17,19.76,11.64,7.11,1.368842,-1.602596,0.394966,1.0,1.0,prob=48.23% | model=combined(70%)+state(ranging)+dir(BUY)(30%) | state=Ranging | vol=normal | slot_wr=41.54%
2026-03-30 19:15:00,SKIP,0.442,0.1972,0.5714,Ranging,,,0.0,0.48,0.0,0.0,0.48,0,35.17,19.76,11.58,7.11,-0.572937,-1.749066,0.023025,1.0,1.0,prob 44.20% < threshold 48.00% (Ranging)
2026-03-30 19:30:00,SKIP,0.2817,0.1972,0.3226,Ranging,,,0.0,0.48,0.0,0.0,0.48,0,35.17,19.76,11.38,7.11,-1.096058,-1.610757,-0.050364,-1.0,1.0,prob 28.17% < threshold 48.00% (Ranging)
2026-03-30 19:45:00,SKIP,0.3123,0.3333,0.3947,Ranging,,,0.0,0.48,0.0,0.0,0.48,0,35.17,19.76,11.38,7.11,0.326552,-1.621219,-0.215097,-1.0,1.0,prob 31.23% < threshold 48.00% (Ranging)
2026-03-30 20:00:00,SKIP,0.4659,0.4257,0.3947,Ranging,,,0.0,0.48,0.0,0.0,0.48,0,31.99,19.41,4.48,6.78,0.096614,-1.622763,-0.580449,-1.0,1.0,prob 46.59% < threshold 48.00% (Ranging)
2026-03-30 20:15:00,SKIP,0.4514,0.3333,0.3947,Ranging,,,0.0,0.48,0.0,0.0,0.48,0,31.99,19.41,4.48,6.78,-2.24971,-1.53982,-0.469359,-1.0,1.0,prob 45.14% < threshold 48.00% (Ranging)
2026-03-30 20:30:00,SKIP,0.4671,0.4333,0.3947,Ranging,,,0.0,0.48,0.0,0.0,0.48,0,31.29,19.41,2.48,6.72,-2.998646,-1.415668,-0.470135,-1.0,1.0,prob 46.71% < threshold 48.00% (Ranging)
2026-03-30 20:45:00,SKIP,0.4723,0.4667,0.3947,Ranging,,,0.0,0.48,0.0,0.0,0.48,0,30.79,19.33,0.94,6.47,-1.883707,-1.441349,-0.509741,-1.0,1.0,prob 47.23% < threshold 48.00% (Ranging)
2026-03-30 21:00:00,SKIP,0.4392,0.3333,0.3226,Ranging,,,0.0,0.48,0.0,0.0,0.48,0,26.98,19.33,0.9,6.47,-0.66495,-1.37474,-0.316638,-1.0,1.0,prob 43.92% < threshold 48.00% (Ranging)
2026-03-30 21:15:00,SKIP,0.4723,0.4667,0.3947,Ranging,,,0.0,0.48,0.0,0.0,0.48,0,26.98,19.33,0.9,6.47,-2.396254,-1.104869,-0.374931,-1.0,1.0,prob 47.23% < threshold 48.00% (Ranging)
2026-03-30 21:30:00,SKIP,0.4671,0.4333,0.3947,Ranging,,,0.0,0.48,0.0,0.0,0.48,0,26.98,19.33,0.9,6.47,-3.020457,-1.497224,-0.253724,-1.0,1.0,prob 46.71% < threshold 48.00% (Ranging)
2026-03-30 21:45:00,SELL,0.4971,0.4667,0.5882,Ranging,,,0.0,0.48,0.0,0.0,0.48,0,28.18,18.34,-4.83,3.71,-2.496901,-1.104289,-0.559084,-1.0,1.0,prob=49.71% | model=combined(70%)+state(ranging)+dir(SELL)(30%) | state=Ranging | vol=normal | slot_wr=33.80%
2026-03-30 22:00:00,SELL,0.4971,0.4667,0.5882,Ranging,,,0.0,0.48,0.0,0.0,0.48,0,26.55,18.01,-6.88,2.73,-1.728993,-1.18834,-0.536532,-1.0,1.0,prob=49.71% | model=combined(70%)+state(ranging)+dir(SELL)(30%) | state=Ranging | vol=normal | slot_wr=39.71%
2026-03-30 22:15:00,SELL,0.5546,0.8333,0.5882,Ranging,,,0.0,0.48,0.0,0.0,0.48,0,26.61,17.98,-7.09,2.63,-2.817427,-1.59199,-0.413528,-1.0,1.0,prob=55.46% | model=combined(70%)+state(ranging)+dir(SELL)(30%) | state=Ranging | vol=normal | slot_wr=39.71%
2026-03-30 22:30:00,SKIP,0.4723,0.4667,0.3947,Ranging,,,0.0,0.48,0.0,0.0,0.48,0,26.61,17.98,-6.83,2.63,-3.120741,-1.54829,-0.171208,-1.0,1.0,prob 47.23% < threshold 48.00% (Ranging)
2026-03-30 22:45:00,SKIP,0.4421,0.3333,0.3226,Ranging,,,0.0,0.48,0.0,0.0,0.48,0,26.61,17.98,-6.67,2.63,-3.662806,-1.524458,0.114065,-1.0,1.0,prob 44.21% < threshold 48.00% (Ranging)
2026-03-30 23:00:00,SKIP,0.4392,0.3333,0.3226,Ranging,,,0.0,0.48,0.0,0.0,0.48,0,25.26,17.98,-6.31,2.63,-3.377492,-1.182969,0.243485,1.0,1.0,prob 43.92% < threshold 48.00% (Ranging)
2026-03-30 23:15:00,SKIP,0.405,0.1972,0.2222,Ranging,,,0.0,0.48,0.0,0.0,0.48,0,25.26,17.98,-6.2,2.63,-3.606617,-1.327776,0.120913,1.0,1.0,prob 40.50% < threshold 48.00% (Ranging)
2026-03-30 23:30:00,SKIP,0.442,0.4333,0.2222,Ranging,,,0.0,0.48,0.0,0.0,0.48,0,25.26,17.98,-6.18,2.63,-3.643867,-1.200277,0.013195,1.0,1.0,prob 44.20% < threshold 48.00% (Ranging)
2026-03-30 23:45:00,SKIP,0.4264,0.3334,0.2222,Ranging,,,0.0,0.48,0.0,0.0,0.48,0,25.26,17.98,-6.18,2.63,-4.837147,-1.201291,0.178985,1.0,1.0,prob 42.64% < threshold 48.00% (Ranging)
2026-03-31 01:00:00,SKIP,0.4359,0.3333,0.2857,Ranging,,,0.0,0.48,0.0,0.0,0.48,0,22.59,16.43,-1.99,2.54,-4.90824,-1.203768,0.126072,1.0,1.0,prob 43.59% < threshold 48.00% (Ranging)
2026-03-31 01:15:00,SKIP,0.2997,0.3333,0.2857,Ranging,,,0.0,0.48,0.0,0.0,0.48,0,22.59,16.43,-1.93,2.51,-4.184142,-1.248371,0.257256,1.0,1.0,prob 29.97% < threshold 48.00% (Ranging)
2026-03-31 01:30:00,SKIP,0.4107,0.1972,0.2857,Ranging,,,0.0,0.48,0.0,0.0,0.48,0,22.59,16.43,-1.93,2.51,-4.017318,-1.328813,0.082831,1.0,1.0,prob 41.07% < threshold 48.00% (Ranging)
2026-03-31 01:45:00,SKIP,0.4359,0.3333,0.2857,Ranging,,,0.0,0.48,0.0,0.0,0.48,0,22.59,16.43,-1.93,2.51,-5.212631,-1.311564,0.131782,1.0,1.0,prob 43.59% < threshold 48.00% (Ranging)
2026-03-31 02:00:00,SKIP,0.4514,0.3333,0.3947,Ranging,,,0.0,0.48,0.0,0.0,0.48,0,21.89,16.4,-6.7,2.38,-5.023108,-1.419691,-0.158682,1.0,1.0,prob 45.14% < threshold 48.00% (Ranging)
2026-03-31 02:15:00,SKIP,0.4514,0.3333,0.3947,Ranging,,,0.0,0.48,0.0,0.0,0.48,0,21.89,16.4,-6.7,2.38,-4.184205,-1.35731,-0.242191,-1.0,1.0,prob 45.14% < threshold 48.00% (Ranging)
2026-03-31 02:30:00,SKIP,0.2859,0.1972,0.4,Ranging,,,0.0,0.48,0.0,0.0,0.48,0,21.89,16.4,-6.4,2.38,-3.689885,-1.727076,0.110301,-1.0,1.0,prob 28.59% < threshold 48.00% (Ranging|post-news✅)
2026-03-31 02:45:00,SKIP,0.2923,0.1972,0.4643,Ranging,,,0.0,0.5,0.0,0.0,0.5,0,21.89,16.4,-6.35,2.38,-5.06236,-1.36539,0.326481,1.0,1.0,prob 29.23% < threshold 50.00% (Ranging|pre-news)
2026-03-31 03:00:00,SKIP,0.4566,0.3333,0.4643,Ranging,,,0.0,0.48,0.0,0.0,0.48,0,19.7,16.4,-2.04,2.35,-5.028236,-1.202714,0.32546,1.0,1.0,prob 45.66% < threshold 48.00% (Ranging|post-news✅)
2026-03-31 03:15:00,SKIP,0.4372,0.2615,0.3947,Trending,,,0.0,0.45,0.0,0.0,0.45,0,22.75,15.66,-9.53,0.25,-3.87243,-1.493797,0.163989,1.0,1.0,prob 43.72% < threshold 45.00% (Trending)
2026-03-31 03:30:00,SKIP,0.2745,0.1972,0.2857,Ranging,,,0.0,0.48,0.0,0.0,0.48,0,19.76,15.66,2.08,0.25,-2.907682,-1.257213,0.635286,1.0,1.0,prob 27.45% < threshold 48.00% (Ranging)
2026-03-31 03:45:00,SKIP,0.3181,0.4324,0.2857,Volatile,,,0.0,0.42,0.0,0.0,0.42,0,21.24,15.66,6.45,0.24,-4.46782,-1.234659,0.87804,1.0,1.0,prob 31.81% < threshold 42.00% (Volatile)
2026-03-31 04:00:00,SKIP,0.2372,0.0,0.2167,Ranging,,range,0.0,0.0,0.0,0.0,0.48,1,21.03,13.86,7.06,0.8,-3.743091,-0.933773,0.798418,3.0,1.0,prob 23.72% < threshold 48.00% (Ranging|post-news✅)
2026-03-31 04:15:00,BUY,0.5065,0.6667,0.375,Volatile,,range,0.0,0.0,0.0,0.0,0.42,1,24.23,16.1,19.42,7.86,-2.728551,-1.072956,1.382,3.0,1.0,prob=50.65% | model=combined(70%)+state(volatile)+dir(BUY)(30%) | state=Volatile | vol=normal | slot_wr=46.32%
2026-03-31 04:30:00,BUY,0.5261,0.6667,0.5714,Volatile,,range,0.0,0.0,0.0,0.0,0.42,1,25.89,17.62,28.46,13.69,-1.704282,-1.633442,2.002388,3.0,1.0,prob=52.61% | model=combined(70%)+state(volatile)+dir(BUY)(30%) | state=Volatile | vol=normal | slot_wr=46.32%
2026-03-31 04:45:00,BUY,0.5412,0.6667,0.7222,Volatile,,range,0.0,0.0,0.0,0.0,0.42,1,25.9,17.63,28.53,13.75,-1.557311,-0.83692,1.540215,3.0,1.0,prob=54.12% | model=combined(70%)+state(volatile)+dir(BUY)(30%) | state=Volatile | vol=normal | slot_wr=46.32%
2026-03-31 05:00:00,SKIP,0.3669,0.6,0.4643,Trending,,range,0.0,0.0,0.0,0.0,0.45,1,29.94,17.63,26.59,13.75,-0.738683,-0.705934,0.740114,3.0,1.0,prob 36.69% < threshold 45.00% (Trending)
2026-03-31 05:15:00,SKIP,0.3181,0.4324,0.2857,Volatile,,range,0.0,0.0,0.0,0.0,0.42,1,29.94,17.63,25.67,13.75,0.198936,-0.357307,0.145337,3.0,1.0,prob 31.81% < threshold 42.00% (Volatile)
2026-03-31 05:30:00,SKIP,0.3181,0.4324,0.2857,Volatile,,range,0.0,0.0,0.0,0.0,0.42,1,29.94,17.63,25.67,13.75,0.485585,-0.239042,0.106604,3.0,1.0,prob 31.81% < threshold 42.00% (Volatile)
2026-03-31 05:45:00,SKIP,0.3491,0.6,0.2857,Volatile,,range,0.0,0.0,0.0,0.0,0.42,1,29.94,17.63,24.56,13.75,1.291539,-0.266322,-0.305357,3.0,1.0,prob 34.91% < threshold 42.00% (Volatile)
2026-03-31 06:00:00,SKIP,0.2864,0.2615,0.2857,Trending,,range,0.0,0.0,0.0,0.0,0.45,1,33.44,17.63,23.56,13.75,1.745363,-0.124274,-0.524329,1.0,1.0,prob 28.64% < threshold 45.00% (Trending)
2026-03-31 06:15:00,SKIP,0.2918,0.2615,0.3226,Trending,,range,0.0,0.0,0.0,0.0,0.45,1,31.77,17.63,19.16,13.75,2.715987,0.077457,-0.647716,1.0,1.0,prob 29.18% < threshold 45.00% (Trending)
2026-03-31 06:30:00,SKIP,0.2714,0.4324,0.0,Volatile,,range,0.0,0.0,0.0,0.0,0.42,1,31.03,17.63,17.09,13.75,1.320375,-0.191224,-0.700049,1.0,1.0,prob 27.14% < threshold 42.00% (Volatile)
2026-03-31 06:45:00,SKIP,0.2714,0.4324,0.0,Volatile,,range,0.0,0.0,0.0,0.0,0.42,1,30.95,17.63,16.87,13.75,2.391832,0.073272,-0.44816,1.0,1.0,prob 27.14% < threshold 42.00% (Volatile)
2026-03-31 07:00:00,SKIP,0.2864,0.2615,0.2857,Trending,,range,0.0,0.0,0.0,0.0,0.45,1,31.83,17.63,16.29,13.75,3.794351,0.167555,-0.313259,1.0,1.0,prob 28.64% < threshold 45.00% (Trending)
2026-03-31 07:15:00,SKIP,0.2864,0.2615,0.2857,Trending,,range,0.0,0.0,0.0,0.0,0.45,1,31.83,17.63,16.09,13.75,4.48669,-0.035057,-0.072752,1.0,1.0,prob 28.64% < threshold 45.00% (Trending)
2026-03-31 07:30:00,SKIP,0.2881,0.2615,0.303,Trending,,range,0.0,0.0,0.0,0.0,0.45,1,31.83,17.63,16.09,13.75,1.491335,-0.346078,-0.014428,1.0,1.0,prob 28.81% < threshold 45.00% (Trending)
2026-03-31 07:45:00,SKIP,0.2881,0.2615,0.303,Trending,,range,0.0,0.0,0.0,0.0,0.45,1,31.83,17.63,16.09,13.75,3.35387,-0.521062,0.000252,1.0,1.0,prob 28.81% < threshold 45.00% (Trending)
2026-03-31 08:00:00,SKIP,0.2386,0.125,0.2167,Ranging,,range,0.0,0.0,0.0,0.0,0.48,1,30.96,19.33,10.82,13.09,4.627013,-0.984433,-0.315103,1.0,1.0,prob 23.86% < threshold 48.00% (Ranging)
2026-03-31 08:15:00,SKIP,0.1564,0.0,0.2167,Ranging,,range,0.0,0.0,0.0,0.0,0.48,1,30.96,19.33,10.82,13.09,5.145564,-1.465623,-0.071435,1.0,1.0,prob 15.64% < threshold 48.00% (Ranging)
2026-03-31 08:30:00,SKIP,0.2745,0.1972,0.2857,Ranging,,range,0.0,0.0,0.0,0.0,0.48,1,33.41,19.33,18.19,12.84,1.076321,-0.992415,0.265277,1.0,1.0,prob 27.45% < threshold 48.00% (Ranging)
2026-03-31 08:45:00,SKIP,0.2745,0.1972,0.2857,Ranging,,range,0.0,0.0,0.0,0.0,0.48,1,33.52,19.33,18.71,12.8,2.172414,-0.772275,0.369766,3.0,1.0,prob 27.45% < threshold 48.00% (Ranging)
2026-03-31 09:00:00,SKIP,0.2611,0.125,0.2857,Ranging,,range,0.0,0.0,0.0,0.0,0.48,1,34.99,19.33,17.73,12.8,3.887986,-0.65551,0.094458,3.0,1.0,prob 26.11% < threshold 48.00% (Ranging)
2026-03-31 09:15:00,SKIP,0.2386,0.125,0.2167,Ranging,,range,0.0,0.0,0.0,0.0,0.48,1,34.99,19.33,17.5,12.8,4.240561,-0.331785,-0.377625,1.0,1.0,prob 23.86% < threshold 48.00% (Ranging)
2026-03-31 09:30:00,SKIP,0.2817,0.1972,0.3226,Ranging,,range,0.0,0.0,0.0,0.0,0.48,1,34.99,19.33,17.5,12.8,0.16723,-0.221968,-0.315772,1.0,1.0,prob 28.17% < threshold 48.00% (Ranging)
2026-03-31 09:45:00,SKIP,0.2689,0.1972,0.2222,Ranging,,range,0.0,0.0,0.0,0.0,0.48,1,34.99,19.33,17.5,12.8,1.113802,-0.247299,-0.258338,1.0,1.0,prob 26.89% < threshold 48.00% (Ranging)
2026-03-31 10:00:00,SKIP,0.2499,0.1972,0.2167,Ranging,,range,0.0,0.0,0.0,0.0,0.48,1,35.58,19.33,15.06,12.8,3.201746,-0.115397,-0.325787,1.0,1.0,prob 24.99% < threshold 48.00% (Ranging)
2026-03-31 10:15:00,SKIP,0.2681,0.1972,0.2167,Ranging,,range,0.0,0.0,0.0,0.0,0.48,1,34.23,19.33,11.72,12.69,3.4002,0.071924,-0.271534,1.0,1.0,prob 26.81% < threshold 48.00% (Ranging)
2026-03-31 10:30:00,SKIP,0.2681,0.1972,0.2167,Ranging,,range,0.0,0.0,0.0,0.0,0.48,1,34.23,19.33,11.72,12.69,-0.228262,-0.177565,-0.097929,1.0,1.0,prob 26.81% < threshold 48.00% (Ranging)
2026-03-31 10:45:00,SKIP,0.2745,0.1972,0.2857,Ranging,,range,0.0,0.0,0.0,0.0,0.48,1,34.23,19.33,11.62,12.69,0.883921,0.068038,0.086259,1.0,1.0,prob 27.45% < threshold 48.00% (Ranging)
2026-03-31 11:00:00,SKIP,0.2745,0.1972,0.2857,Ranging,,range,0.0,0.0,0.0,0.0,0.48,1,34.4,19.33,14.5,12.69,2.762551,0.155586,0.349449,3.0,1.0,prob 27.45% < threshold 48.00% (Ranging)
2026-03-31 11:15:00,SKIP,0.4196,0.1972,0.375,Ranging,,range,0.0,0.0,0.0,0.0,0.48,1,34.4,19.33,14.5,12.69,3.534079,-0.032553,0.411778,3.0,1.0,prob 41.96% < threshold 48.00% (Ranging)
2026-03-31 11:30:00,SKIP,0.4196,0.1972,0.375,Ranging,,range,0.0,0.0,0.0,0.0,0.48,1,34.57,19.33,15.19,12.69,-0.143024,-0.321358,0.314104,3.0,1.0,prob 41.96% < threshold 48.00% (Ranging)
2026-03-31 11:45:00,SKIP,0.2745,0.1972,0.2857,Ranging,,range,0.0,0.0,0.0,0.0,0.48,1,34.57,19.33,15.19,12.69,1.029998,-0.483843,0.170497,3.0,1.0,prob 27.45% < threshold 48.00% (Ranging)
2026-03-31 12:00:00,SKIP,0.2745,0.1972,0.2857,Ranging,,range,0.0,0.0,0.0,0.0,0.48,1,34.86,20.81,14.48,12.43,2.621379,-0.914116,0.075743,3.0,1.0,prob 27.45% < threshold 48.00% (Ranging|post-news✅)
2026-03-31 12:15:00,SKIP,0.2689,0.1972,0.2222,Ranging,,range,0.0,0.0,0.0,0.0,0.48,1,34.86,20.81,14.34,12.38,3.818486,-1.360936,-0.076061,3.0,1.0,prob 26.89% < threshold 48.00% (Ranging)
2026-03-31 12:30:00,SKIP,0.2902,0.3333,0.2222,Ranging,,range,0.0,0.0,0.0,0.0,0.48,1,32.72,20.81,8.68,12.07,0.089101,-0.996053,-0.376602,1.0,1.0,prob 29.02% < threshold 48.00% (Ranging)
2026-03-31 12:45:00,SKIP,0.2902,0.3333,0.2222,Ranging,,range,0.0,0.0,0.0,0.0,0.48,1,32.72,20.81,8.68,12.07,0.557967,-0.793354,-0.357772,1.0,1.0,prob 29.02% < threshold 48.00% (Ranging)
2026-03-31 13:00:00,SKIP,0.2902,0.3333,0.2222,Ranging,,range,0.0,0.0,0.0,0.0,0.48,1,31.12,20.81,8.36,12.07,1.648243,-0.684448,-0.226234,1.0,1.0,prob 29.02% < threshold 48.00% (Ranging)
2026-03-31 13:15:00,SKIP,0.2681,0.1972,0.2167,Ranging,,range,0.0,0.0,0.0,0.0,0.48,1,31.12,20.81,8.36,12.07,3.068,-0.384419,-0.096145,1.0,1.0,prob 26.81% < threshold 48.00% (Ranging)
2026-03-31 13:30:00,SKIP,0.3187,0.4333,0.3226,Ranging,,range,0.0,0.0,0.0,0.0,0.48,1,29.06,19.55,-2.38,8.56,-0.529595,-0.282644,-0.48802,1.0,1.0,prob 31.87% < threshold 48.00% (Ranging)
2026-03-31 13:45:00,SKIP,0.2681,0.1972,0.2167,Ranging,,range,0.0,0.0,0.0,0.0,0.48,1,29.06,19.55,-2.38,8.56,-0.86361,-0.552983,-0.334193,1.0,1.0,prob 26.81% < threshold 48.00% (Ranging)
2026-03-31 14:00:00,SKIP,0.2689,0.1972,0.2222,Ranging,,range,0.0,0.0,0.0,0.0,0.48,1,25.66,19.55,-1.45,8.56,-0.248184,-0.440236,-0.219,-1.0,-1.0,prob 26.89% < threshold 48.00% (Ranging)
2026-03-31 14:15:00,SKIP,0.3335,0.1972,0.5714,Ranging,,range,0.0,0.0,0.0,0.0,0.48,1,27.35,19.55,7.51,8.38,1.338211,-0.284197,0.391371,-1.0,1.0,prob 33.35% < threshold 48.00% (Ranging)
2026-03-31 14:30:00,SKIP,0.4285,0.1972,0.4643,Ranging,,range,0.0,0.0,0.0,0.0,0.48,1,28.3,19.55,11.35,8.2,0.004924,-0.443756,1.104447,1.0,1.0,prob 42.85% < threshold 48.00% (Ranging)
2026-03-31 14:45:00,SKIP,0.4644,0.3333,0.5714,Ranging,,range,0.0,0.0,0.0,0.0,0.48,1,28.3,19.55,11.35,8.2,-0.741922,-0.216236,0.80358,1.0,1.0,prob 46.44% < threshold 48.00% (Ranging)
2026-03-31 15:00:00,SKIP,0.4392,0.1972,0.5714,Ranging,,range,0.0,0.0,0.0,0.0,0.48,1,28.08,21.57,12.11,14.16,-0.518318,-0.130459,0.408377,3.0,1.0,prob 43.92% < threshold 48.00% (Ranging)
2026-03-31 15:15:00,SKIP,0.4285,0.1972,0.4643,Ranging,,range,0.0,0.0,0.0,0.0,0.48,1,28.08,21.57,11.97,14.16,0.612008,0.183034,0.27096,3.0,1.0,prob 42.85% < threshold 48.00% (Ranging)
2026-03-31 15:30:00,SKIP,0.2834,0.1972,0.375,Ranging,,range,0.0,0.0,0.0,0.0,0.48,1,28.08,21.57,11.97,14.16,0.682487,-0.069479,0.183971,3.0,1.0,prob 28.34% < threshold 48.00% (Ranging)
2026-03-31 15:45:00,SKIP,0.2745,0.1972,0.2857,Ranging,,range,0.0,0.0,0.0,0.0,0.48,1,28.08,21.57,11.85,14.16,-0.839528,-0.208657,0.084419,3.0,1.0,prob 27.45% < threshold 48.00% (Ranging)
2026-03-31 16:00:00,BUY,0.5364,0.3333,0.7222,Ranging,,,0.0,0.48,0.0,0.0,0.48,0,27.65,23.5,10.4,13.66,-0.912778,-0.59469,0.15565,3.0,1.0,prob=53.64% | model=combined(70%)+state(ranging)+dir(BUY)(30%) | state=Ranging | vol=normal | slot_wr=47.25%
2026-03-31 16:15:00,SKIP,0.4405,0.3333,0.303,Ranging,,,0.0,0.48,0.0,0.0,0.48,0,27.65,23.5,10.19,13.53,-0.109845,-1.00167,-0.026436,3.0,1.0,prob 44.05% < threshold 48.00% (Ranging)
2026-03-31 16:30:00,BUY,0.5742,0.4667,0.75,Ranging,,,0.0,0.48,0.0,0.0,0.48,0,27.65,23.5,10.13,13.49,1.217879,-0.668667,0.294714,3.0,1.0,prob=57.42% | model=combined(70%)+state(ranging)+dir(BUY)(30%) | state=Ranging | vol=normal | slot_wr=47.25%
2026-03-31 16:45:00,BUY,0.5862,0.2615,0.75,Trending,,,0.0,0.45,0.0,0.0,0.45,0,29.06,24.08,14.83,15.49,-0.771222,-0.482631,0.728339,3.0,1.0,prob=58.62% | model=combined(70%)+state(trending)+dir(BUY)(30%) | state=Trending | vol=normal | slot_wr=47.25%
2026-03-31 17:00:00,BUY,0.5739,0.4652,0.75,Trending,,,0.0,0.45,0.0,0.0,0.45,0,31.2,24.71,20.14,18.19,-0.398691,-0.124745,0.888581,3.0,1.0,prob=57.39% | model=combined(70%)+state(trending)+dir(BUY)(30%) | state=Trending | vol=normal | slot_wr=56.41%
2026-03-31 17:15:00,BUY,0.5989,0.6,0.75,Trending,,,0.0,0.45,0.0,0.0,0.45,0,31.2,24.71,20.07,18.19,0.8569,0.31505,0.893191,3.0,1.0,prob=59.89% | model=combined(70%)+state(trending)+dir(BUY)(30%) | state=Trending | vol=normal | slot_wr=56.41%
2026-03-31 17:30:00,BUY,0.6039,0.6,0.8,Trending,,,0.0,0.45,0.0,0.0,0.45,0,31.52,24.88,21.66,18.98,3.173979,0.393765,0.377439,3.0,1.0,prob=60.39% | model=combined(70%)+state(trending)+dir(BUY)(30%) | state=Trending | vol=normal | slot_wr=56.41%
2026-03-31 17:45:00,SKIP,0.4433,0.2615,0.4643,Trending,,,0.0,0.45,0.0,0.0,0.45,0,31.52,24.88,20.97,18.98,1.316797,0.205106,0.050799,3.0,1.0,prob 44.33% < threshold 45.00% (Trending)
2026-03-31 18:00:00,BUY,0.469,0.2615,0.7222,Trending,,,0.0,0.45,0.0,0.0,0.45,0,33.65,24.88,18.78,18.98,1.57922,0.300249,-0.000426,1.0,1.0,prob=46.90% | model=combined(70%)+state(trending)+dir(BUY)(30%) | state=Trending | vol=normal | slot_wr=36.07%
2026-03-31 18:15:00,SKIP,0.4243,0.2615,0.303,Trending,,,0.0,0.45,0.0,0.0,0.45,0,33.65,24.88,18.67,18.98,2.892891,0.433935,0.272792,3.0,1.0,prob 42.43% < threshold 45.00% (Trending)
2026-03-31 18:30:00,BUY,0.469,0.2615,0.7222,Trending,,,0.0,0.45,0.0,0.0,0.45,0,33.65,24.88,18.67,18.98,4.394645,0.215941,0.483753,3.0,1.0,prob=46.90% | model=combined(70%)+state(trending)+dir(BUY)(30%) | state=Trending | vol=normal | slot_wr=36.07%
2026-03-31 18:45:00,BUY,0.469,0.2615,0.7222,Trending,,,0.0,0.45,0.0,0.0,0.45,0,33.65,24.88,18.67,18.98,2.270735,0.284713,0.136601,3.0,1.0,prob=46.90% | model=combined(70%)+state(trending)+dir(BUY)(30%) | state=Trending | vol=normal | slot_wr=36.07%
2026-03-31 19:00:00,SKIP,0.4433,0.2615,0.4643,Trending,,,0.0,0.45,0.0,0.0,0.45,0,35.49,24.88,17.57,18.98,2.43436,0.347777,0.149027,3.0,1.0,prob 44.33% < threshold 45.00% (Trending)
2026-03-31 19:15:00,BUY,0.5362,0.2615,0.75,Trending,,,0.0,0.45,0.0,0.0,0.45,0,35.49,24.88,17.57,18.98,3.694486,0.587443,0.240408,3.0,1.0,prob=53.62% | model=combined(70%)+state(trending)+dir(BUY)(30%) | state=Trending | vol=normal | slot_wr=41.54%
2026-03-31 19:30:00,BUY,0.5989,0.6,0.75,Trending,,,0.0,0.45,0.0,0.0,0.45,0,37.19,25.57,25.72,22.36,5.100491,0.382773,0.745145,3.0,1.0,prob=59.89% | model=combined(70%)+state(trending)+dir(BUY)(30%) | state=Trending | vol=normal | slot_wr=41.54%
2026-03-31 19:45:00,BUY,0.5989,0.6,0.75,Trending,,,0.0,0.45,0.0,0.0,0.45,0,37.19,25.57,25.72,22.36,3.602829,0.54537,0.648477,3.0,1.0,prob=59.89% | model=combined(70%)+state(trending)+dir(BUY)(30%) | state=Trending | vol=normal | slot_wr=41.54%
2026-03-31 20:00:00,BUY,0.5989,0.6,0.75,Trending,,,0.0,0.45,0.0,0.0,0.45,0,40.49,29.18,25.41,22.35,3.694437,0.230417,0.673162,3.0,1.0,prob=59.89% | model=combined(70%)+state(trending)+dir(BUY)(30%) | state=Trending | vol=normal | slot_wr=43.64%
2026-03-31 20:15:00,BUY,0.5989,0.6,0.75,Trending,,,0.0,0.45,0.0,0.0,0.45,0,40.6,29.25,26.1,22.72,5.085327,-0.068159,0.59051,3.0,1.0,prob=59.89% | model=combined(70%)+state(trending)+dir(BUY)(30%) | state=Trending | vol=normal | slot_wr=43.64%
2026-03-31 20:30:00,BUY,0.5989,0.6,0.75,Trending,,,0.0,0.45,0.0,0.0,0.45,0,40.87,29.42,27.82,23.66,6.533825,0.24988,0.674222,3.0,1.0,prob=59.89% | model=combined(70%)+state(trending)+dir(BUY)(30%) | state=Trending | vol=normal | slot_wr=43.64%
2026-03-31 20:45:00,BUY,0.5989,0.6,0.75,Trending,,,0.0,0.45,0.0,0.0,0.45,0,41.03,29.53,28.88,24.23,5.242883,0.483649,0.428917,3.0,1.0,prob=59.89% | model=combined(70%)+state(trending)+dir(BUY)(30%) | state=Trending | vol=normal | slot_wr=43.64%
2026-03-31 21:00:00,BUY,0.5288,0.6,0.7222,Trending,,,0.0,0.45,0.0,0.0,0.45,0,44.43,29.57,27.67,24.49,4.835097,0.622673,0.547983,3.0,1.0,prob=52.88% | model=combined(70%)+state(trending)+dir(BUY)(30%) | state=Trending | vol=normal | slot_wr=33.80%
2026-03-31 21:15:00,BUY,0.5138,0.6,0.5714,Trending,,,0.0,0.45,0.0,0.0,0.45,0,44.43,29.57,27.67,24.49,5.713747,0.8021,0.377617,3.0,1.0,prob=51.38% | model=combined(70%)+state(trending)+dir(BUY)(30%) | state=Trending | vol=normal | slot_wr=33.80%
2026-03-31 21:30:00,BUY,0.5467,0.7778,0.5714,Trending,,,0.0,0.45,0.0,0.0,0.45,0,44.53,29.63,28.32,24.83,7.115677,0.864082,0.371108,3.0,1.0,prob=54.67% | model=combined(70%)+state(trending)+dir(BUY)(30%) | state=Trending | vol=normal | slot_wr=33.80%
2026-03-31 21:45:00,BUY,0.536,0.7778,0.4643,Trending,,,0.0,0.45,0.0,0.0,0.45,0,44.53,29.63,28.32,24.83,5.818978,0.660535,0.263549,3.0,1.0,prob=53.60% | model=combined(70%)+state(trending)+dir(BUY)(30%) | state=Trending | vol=normal | slot_wr=33.80%
2026-03-31 22:00:00,BUY,0.5674,0.7778,0.75,Trending,,,0.0,0.45,0.0,0.0,0.45,0,47.81,29.77,28.8,25.62,5.456612,0.741671,0.289869,3.0,1.0,prob=56.74% | model=combined(70%)+state(trending)+dir(BUY)(30%) | state=Trending | vol=normal | slot_wr=39.71%
2026-03-31 22:15:00,BUY,0.5674,0.7778,0.75,Trending,,,0.0,0.45,0.0,0.0,0.45,0,48.02,29.89,30.37,26.36,6.319826,0.907789,0.260337,3.0,1.0,prob=56.74% | model=combined(70%)+state(trending)+dir(BUY)(30%) | state=Trending | vol=normal | slot_wr=39.71%
2026-03-31 22:30:00,BUY,0.6368,0.7778,0.8,Trending,,,0.0,0.45,0.0,0.0,0.45,0,48.11,29.95,31.1,26.72,7.755915,0.789556,0.422079,3.0,1.0,prob=63.68% | model=combined(70%)+state(trending)+dir(BUY)(30%) | state=Trending | vol=normal | slot_wr=39.71%
2026-03-31 22:45:00,BUY,0.6064,0.6403,0.75,Trending,,,0.0,0.45,0.0,0.0,0.45,0,48.19,30.0,31.74,27.03,6.582588,0.878286,0.377747,3.0,1.0,prob=60.64% | model=combined(70%)+state(trending)+dir(BUY)(30%) | state=Trending | vol=normal | slot_wr=39.71%
2026-03-31 23:00:00,BUY,0.5674,0.7778,0.75,Trending,,,0.0,0.45,0.0,0.0,0.45,0,51.44,30.04,30.84,27.27,6.29982,0.939325,0.228222,3.0,1.0,prob=56.74% | model=combined(70%)+state(trending)+dir(BUY)(30%) | state=Trending | vol=normal | slot_wr=26.42%
2026-03-31 23:15:00,SKIP,0.3844,0.781,0.303,Trending,,,0.0,0.45,0.0,0.0,0.45,0,51.44,30.04,29.8,27.27,7.070506,1.182659,-0.099159,3.0,1.0,prob 38.44% < threshold 45.00% (Trending)
2026-03-31 23:30:00,SKIP,0.358,0.6,0.375,Trending,,,0.0,0.45,0.0,0.0,0.45,0,51.44,30.04,29.51,27.27,8.45231,1.03593,-0.362985,1.0,1.0,prob 35.80% < threshold 45.00% (Trending)
2026-03-31 23:45:00,SKIP,0.358,0.6,0.375,Trending,,,0.0,0.45,0.0,0.0,0.45,0,51.44,30.04,29.22,27.27,6.786365,0.928875,-0.329619,1.0,1.0,prob 35.80% < threshold 45.00% (Trending)
2026-04-01 01:00:00,BUY,0.5167,0.6,0.5714,Trending,,,0.0,0.45,0.0,0.0,0.45,0,53.71,33.92,25.67,26.1,6.522349,0.66266,-0.221314,1.0,1.0,prob=51.67% | model=combined(70%)+state(trending)+dir(BUY)(30%) | state=Trending | vol=normal | slot_wr=36.26%
2026-04-01 01:15:00,BUY,0.5167,0.6,0.5714,Trending,,,0.0,0.45,0.0,0.0,0.45,0,53.71,33.92,25.14,25.85,6.770366,0.339854,-0.00635,1.0,1.0,prob=51.67% | model=combined(70%)+state(trending)+dir(BUY)(30%) | state=Trending | vol=normal | slot_wr=36.26%
2026-04-01 01:30:00,BUY,0.5317,0.6,0.7222,Trending,,,0.0,0.45,0.0,0.0,0.45,0,54.62,34.15,28.8,27.2,7.976349,0.596837,0.206701,1.0,1.0,prob=53.17% | model=combined(70%)+state(trending)+dir(BUY)(30%) | state=Trending | vol=normal | slot_wr=36.26%
2026-04-01 01:45:00,BUY,0.537,0.7097,0.5714,Trending,,,0.0,0.45,0.0,0.0,0.45,0,54.62,34.15,28.64,27.13,6.896744,0.83346,0.353553,3.0,1.0,prob=53.70% | model=combined(70%)+state(trending)+dir(BUY)(30%) | state=Trending | vol=normal | slot_wr=36.26%
2026-04-01 02:00:00,BUY,0.6274,0.769,0.7222,Trending,,,0.0,0.45,0.0,0.0,0.45,0,57.38,34.15,27.27,27.13,6.580168,0.900375,0.182403,3.0,1.0,prob=62.74% | model=combined(70%)+state(trending)+dir(BUY)(30%) | state=Trending | vol=normal | slot_wr=38.24%
2026-04-01 02:15:00,BUY,0.5989,0.6,0.75,Trending,,,0.0,0.45,0.0,0.0,0.45,0,57.38,34.15,26.92,27.13,6.507653,1.03335,0.317128,3.0,1.0,prob=59.89% | model=combined(70%)+state(trending)+dir(BUY)(30%) | state=Trending | vol=normal | slot_wr=38.24%
2026-04-01 02:30:00,BUY,0.5989,0.6,0.75,Trending,,,0.0,0.45,0.0,0.0,0.45,0,57.38,34.15,25.6,27.13,7.516128,1.084944,0.473988,3.0,1.0,prob=59.89% | model=combined(70%)+state(trending)+dir(BUY)(30%) | state=Trending | vol=normal | slot_wr=38.24%
2026-04-01 02:45:00,BUY,0.5989,0.6,0.75,Trending,,,0.0,0.45,0.0,0.0,0.45,0,57.55,34.25,26.87,27.75,6.777028,0.878558,0.553448,3.0,1.0,prob=59.89% | model=combined(70%)+state(trending)+dir(BUY)(30%) | state=Trending | vol=normal | slot_wr=38.24%
2026-04-01 03:00:00,BUY,0.5387,0.6376,0.7222,Trending,,,0.0,0.45,0.0,0.0,0.45,0,60.31,34.37,27.82,28.52,6.637254,0.989257,0.574949,3.0,1.0,prob=53.87% | model=combined(70%)+state(trending)+dir(BUY)(30%) | state=Trending | vol=normal | slot_wr=33.70%
2026-04-01 03:15:00,BUY,0.5674,0.7778,0.75,Trending,,,0.0,0.45,0.0,0.0,0.45,0,60.86,34.73,33.41,31.0,6.295961,1.129292,0.83581,3.0,1.0,prob=56.74% | model=combined(70%)+state(trending)+dir(BUY)(30%) | state=Trending | vol=normal | slot_wr=33.70%
2026-04-01 03:30:00,BUY,0.5666,0.7778,0.7418,Trending,,,0.0,0.45,0.0,0.0,0.45,0,60.87,34.74,33.58,31.08,7.325524,1.14534,0.394723,3.0,1.0,prob=56.66% | model=combined(70%)+state(trending)+dir(BUY)(30%) | state=Trending | vol=normal | slot_wr=33.70%
2026-04-01 03:45:00,BUY,0.5345,0.6,0.75,Trending,,,0.0,0.45,0.0,0.0,0.45,0,60.87,34.74,33.58,31.08,6.920628,1.207425,0.333454,3.0,1.0,prob=53.45% | model=combined(70%)+state(trending)+dir(BUY)(30%) | state=Trending | vol=normal | slot_wr=33.70%
2026-04-01 04:00:00,BUY,0.6318,0.7778,0.75,Trending,,,0.0,0.45,0.0,0.0,0.45,0,62.61,38.86,26.75,29.11,6.803923,1.231848,0.222579,3.0,1.0,prob=63.18% | model=combined(70%)+state(trending)+dir(BUY)(30%) | state=Trending | vol=normal | slot_wr=46.32%
2026-04-01 04:15:00,BUY,0.5715,0.9535,0.4643,Trending,,,0.0,0.45,0.0,0.0,0.45,0,62.61,38.86,26.75,29.11,6.225689,1.455201,0.150899,3.0,1.0,prob=57.15% | model=combined(70%)+state(trending)+dir(BUY)(30%) | state=Trending | vol=normal | slot_wr=46.32%
2026-04-01 04:30:00,BUY,0.4882,0.6,0.2857,Trending,,,0.0,0.45,0.0,0.0,0.45,0,60.51,38.86,22.33,28.61,7.0821,1.342084,-0.284681,3.0,1.0,prob=48.82% | model=combined(70%)+state(trending)+dir(BUY)(30%) | state=Trending | vol=normal | slot_wr=46.32%
2026-04-01 04:45:00,BUY,0.4749,0.4324,0.4643,Volatile,,,0.0,0.42,0.0,0.0,0.42,0,60.51,38.86,22.33,28.61,6.538658,1.259634,-0.46839,1.0,1.0,prob=47.49% | model=combined(70%)+state(volatile)+dir(BUY)(30%) | state=Volatile | vol=normal | slot_wr=46.32%
2026-04-01 05:00:00,BUY,0.5317,0.6812,0.5714,Trending,,,0.0,0.45,0.0,0.0,0.45,0,60.19,38.86,20.93,28.61,6.127468,1.038015,-0.373564,1.0,1.0,prob=53.17% | model=combined(70%)+state(trending)+dir(BUY)(30%) | state=Trending | vol=normal | slot_wr=39.47%
2026-04-01 05:15:00,BUY,0.4971,0.6,0.375,Trending,,,0.0,0.45,0.0,0.0,0.45,0,60.19,38.86,20.6,28.61,5.988439,0.751314,-0.354493,1.0,1.0,prob=49.71% | model=combined(70%)+state(trending)+dir(BUY)(30%) | state=Trending | vol=normal | slot_wr=39.47%
2026-04-01 05:30:00,BUY,0.4942,0.6,0.375,Trending,,,0.0,0.45,0.0,0.0,0.45,0,59.32,38.86,18.62,28.4,6.695599,0.980866,-0.44351,1.0,1.0,prob=49.42% | model=combined(70%)+state(trending)+dir(BUY)(30%) | state=Trending | vol=normal | slot_wr=39.47%
2026-04-01 05:45:00,BUY,0.5116,0.694,0.375,Trending,,,0.0,0.45,0.0,0.0,0.45,0,59.32,38.86,18.62,28.4,5.806356,1.091361,-0.330163,1.0,1.0,prob=51.16% | model=combined(70%)+state(trending)+dir(BUY)(30%) | state=Trending | vol=normal | slot_wr=39.47%
2026-04-01 06:00:00,SKIP,0.2864,0.2615,0.2857,Trending,,,0.0,0.45,0.0,0.0,0.45,0,58.28,38.86,17.71,28.4,5.119048,1.139799,-0.123648,1.0,1.0,prob 28.64% < threshold 45.00% (Trending)
2026-04-01 06:15:00,SKIP,0.2953,0.2615,0.375,Trending,,,0.0,0.45,0.0,0.0,0.45,0,58.28,38.86,17.59,28.4,5.294244,1.249306,-0.111455,1.0,1.0,prob 29.53% < threshold 45.00% (Trending)
2026-04-01 06:30:00,BUY,0.4661,0.2615,0.7222,Trending,,,0.0,0.45,0.0,0.0,0.45,0,58.28,38.86,17.59,28.4,5.930577,1.29147,-0.117863,1.0,1.0,prob=46.61% | model=combined(70%)+state(trending)+dir(BUY)(30%) | state=Trending | vol=normal | slot_wr=26.76%
2026-04-01 06:45:00,SKIP,0.2864,0.2615,0.2857,Trending,,,0.0,0.45,0.0,0.0,0.45,0,58.28,38.86,17.33,28.4,5.208761,1.107656,-0.225423,1.0,1.0,prob 28.64% < threshold 45.00% (Trending)
2026-04-01 07:00:00,SKIP,0.4642,0.4333,0.3947,Ranging,,,0.0,0.48,0.0,0.0,0.48,0,55.42,38.86,13.06,28.1,4.109187,1.162834,-0.369191,1.0,1.0,prob 46.42% < threshold 48.00% (Ranging)
2026-04-01 07:15:00,SKIP,0.4694,0.4667,0.3947,Ranging,,,0.0,0.48,0.0,0.0,0.48,0,53.93,38.86,9.6,27.75,4.155002,1.236104,-0.374275,1.0,1.0,prob 46.94% < threshold 48.00% (Ranging)
2026-04-01 07:30:00,SKIP,0.4642,0.4333,0.3947,Ranging,,,0.0,0.48,0.0,0.0,0.48,0,53.93,38.86,9.6,27.75,4.044469,1.085894,-0.195834,1.0,1.0,prob 46.42% < threshold 48.00% (Ranging)
2026-04-01 07:45:00,SKIP,0.3123,0.3333,0.3947,Ranging,,,0.0,0.48,0.0,0.0,0.48,0,53.93,38.86,9.6,27.75,3.391592,1.137791,-0.075365,1.0,1.0,prob 31.23% < threshold 48.00% (Ranging)
2026-04-01 08:00:00,BUY,0.4829,0.4333,0.5714,Ranging,,,0.0,0.48,0.0,0.0,0.48,0,50.57,42.42,10.61,27.11,1.926779,1.160078,0.092204,-1.0,1.0,prob=48.29% | model=combined(70%)+state(ranging)+dir(BUY)(30%) | state=Ranging | vol=normal | slot_wr=36.14%
2026-04-01 08:15:00,BUY,0.507,0.4667,0.7222,Ranging,,,0.0,0.48,0.0,0.0,0.48,0,51.25,42.42,13.08,26.78,2.382693,1.351258,0.308377,1.0,1.0,prob=50.70% | model=combined(70%)+state(ranging)+dir(BUY)(30%) | state=Ranging | vol=normal | slot_wr=36.14%
2026-04-01 08:30:00,BUY,0.507,0.4667,0.7222,Ranging,,,0.0,0.48,0.0,0.0,0.48,0,52.65,42.42,18.97,25.98,2.29069,1.246221,0.612816,1.0,1.0,prob=50.70% | model=combined(70%)+state(ranging)+dir(BUY)(30%) | state=Ranging | vol=normal | slot_wr=36.14%
2026-04-01 08:45:00,BUY,0.492,0.4667,0.5714,Ranging,,,0.0,0.48,0.0,0.0,0.48,0,52.65,42.42,18.97,25.98,2.539785,1.16966,0.156115,1.0,1.0,prob=49.20% | model=combined(70%)+state(ranging)+dir(BUY)(30%) | state=Ranging | vol=normal | slot_wr=36.14%
2026-04-01 09:00:00,BUY,0.507,0.4667,0.7222,Ranging,,,0.0,0.48,0.0,0.0,0.48,0,51.54,42.42,17.47,25.98,1.277438,0.963871,0.341691,1.0,1.0,prob=50.70% | model=combined(70%)+state(ranging)+dir(BUY)(30%) | state=Ranging | vol=normal | slot_wr=36.00%
2026-04-01 09:15:00,BUY,0.4786,0.3131,0.7222,Trending,,,0.0,0.45,0.0,0.0,0.45,0,52.26,42.42,20.24,25.52,1.730488,0.697649,0.564951,1.0,1.0,prob=47.86% | model=combined(70%)+state(trending)+dir(BUY)(30%) | state=Trending | vol=normal | slot_wr=36.00%
2026-04-01 09:30:00,BUY,0.468,0.2615,0.7122,Trending,,,0.0,0.45,0.0,0.0,0.45,0,52.37,42.42,20.74,25.45,1.758931,0.910804,0.548418,1.0,1.0,prob=46.80% | model=combined(70%)+state(trending)+dir(BUY)(30%) | state=Trending | vol=normal | slot_wr=36.00%
2026-04-01 09:45:00,BUY,0.5317,0.6,0.7222,Trending,,,0.0,0.45,0.0,0.0,0.45,0,53.67,42.64,28.0,26.24,2.191577,1.013407,0.905835,1.0,1.0,prob=53.17% | model=combined(70%)+state(trending)+dir(BUY)(30%) | state=Trending | vol=normal | slot_wr=36.00%
2026-04-01 10:00:00,BUY,0.47,0.2667,0.7222,Trending,,,0.0,0.45,0.0,0.0,0.45,0,54.55,42.64,25.58,26.24,1.522675,1.153551,0.431159,3.0,1.0,prob=47.00% | model=combined(70%)+state(trending)+dir(BUY)(30%) | state=Trending | vol=normal | slot_wr=32.65%
2026-04-01 10:15:00,BUY,0.4718,0.2615,0.75,Trending,,,0.0,0.45,0.0,0.0,0.45,0,54.55,42.64,25.44,26.24,1.943843,1.250977,0.450449,3.0,1.0,prob=47.18% | model=combined(70%)+state(trending)+dir(BUY)(30%) | state=Trending | vol=normal | slot_wr=32.65%
2026-04-01 10:30:00,BUY,0.5345,0.6,0.75,Trending,,,0.0,0.45,0.0,0.0,0.45,0,55.28,42.96,30.13,28.43,1.948865,0.949791,0.477681,3.0,1.0,prob=53.45% | model=combined(70%)+state(trending)+dir(BUY)(30%) | state=Trending | vol=normal | slot_wr=32.65%
2026-04-01 10:45:00,SKIP,0.3605,0.6,0.4,Trending,,,0.0,0.45,0.0,0.0,0.45,0,55.28,42.96,29.69,28.43,2.561691,1.261586,0.051958,3.0,1.0,prob 36.05% < threshold 45.00% (Trending)
2026-04-01 11:00:00,BUY,0.5395,0.6,0.8,Trending,,,0.0,0.45,0.0,0.0,0.45,0,56.69,42.96,27.51,28.43,2.00606,1.308793,-0.378365,1.0,1.0,prob=53.95% | model=combined(70%)+state(trending)+dir(BUY)(30%) | state=Trending | vol=normal | slot_wr=29.73%
2026-04-01 11:15:00,BUY,0.5395,0.6,0.8,Trending,,,0.0,0.45,0.0,0.0,0.45,0,56.69,42.96,26.37,28.43,2.721188,1.3713,-0.088524,1.0,1.0,prob=53.95% | model=combined(70%)+state(trending)+dir(BUY)(30%) | state=Trending | vol=normal | slot_wr=29.73%
2026-04-01 11:30:00,BUY,0.4995,0.4111,0.75,Trending,,,0.0,0.45,0.0,0.0,0.45,0,56.69,42.96,25.85,28.43,3.120007,1.244261,0.427112,3.0,1.0,prob=49.95% | model=combined(70%)+state(trending)+dir(BUY)(30%) | state=Trending | vol=normal | slot_wr=29.73%
2026-04-01 11:45:00,BUY,0.5345,0.6,0.75,Trending,,,0.0,0.45,0.0,0.0,0.45,0,56.69,42.96,25.85,28.43,3.684197,1.292481,0.299674,3.0,1.0,prob=53.45% | model=combined(70%)+state(trending)+dir(BUY)(30%) | state=Trending | vol=normal | slot_wr=29.73%
2026-04-01 12:00:00,SKIP,0.2881,0.2615,0.303,Trending,,range,0.0,0.0,0.0,0.0,0.45,1,57.9,46.52,24.34,27.63,3.319849,1.307849,-0.045668,3.0,1.0,prob 28.81% < threshold 45.00% (Trending)
2026-04-01 12:15:00,SKIP,0.2953,0.2615,0.375,Trending,,range,0.0,0.0,0.0,0.0,0.45,1,57.9,46.52,23.9,27.38,3.843258,1.622557,-0.320871,1.0,1.0,prob 29.53% < threshold 45.00% (Trending)
2026-04-01 12:30:00,SKIP,0.2978,0.2615,0.4,Trending,,range,0.0,0.0,0.0,0.0,0.45,1,57.9,46.52,23.81,27.33,4.174436,1.54827,-0.2807,1.0,1.0,prob 29.78% < threshold 45.00% (Trending)
2026-04-01 12:45:00,SKIP,0.2881,0.2615,0.303,Trending,,range,0.0,0.0,0.0,0.0,0.45,1,57.9,46.52,23.81,27.33,4.338826,1.538374,-0.105826,1.0,1.0,prob 28.81% < threshold 45.00% (Trending)
2026-04-01 13:00:00,SKIP,0.2864,0.2615,0.2857,Trending,,range,0.0,0.0,0.0,0.0,0.45,1,58.96,46.52,22.73,27.33,3.965237,1.377501,-0.208221,1.0,1.0,prob 28.64% < threshold 45.00% (Trending)
2026-04-01 13:15:00,SKIP,0.3042,0.2615,0.4643,Trending,,range,0.0,0.0,0.0,0.0,0.45,1,58.96,46.52,22.15,27.33,4.135185,1.144895,0.060925,1.0,1.0,prob 30.42% < threshold 45.00% (Trending)
2026-04-01 13:30:00,SKIP,0.3149,0.2615,0.5714,Trending,,range,0.0,0.0,0.0,0.0,0.45,1,59.33,46.52,24.28,26.97,4.537616,1.252191,0.389693,3.0,1.0,prob 31.49% < threshold 45.00% (Trending)
2026-04-01 13:45:00,SKIP,0.3776,0.6,0.5714,Trending,,range,0.0,0.0,0.0,0.0,0.45,1,59.47,46.52,25.22,26.81,4.793927,1.330565,0.316218,3.0,1.0,prob 37.76% < threshold 45.00% (Trending)
2026-04-01 14:00:00,SKIP,0.3776,0.6,0.5714,Trending,,range,0.0,0.0,0.0,0.0,0.45,1,60.92,46.52,24.49,26.71,4.101348,1.228017,0.334668,3.0,1.0,prob 37.76% < threshold 45.00% (Trending)
2026-04-01 14:15:00,SKIP,0.2978,0.2615,0.4,Trending,,range,0.0,0.0,0.0,0.0,0.45,1,61.24,46.52,26.7,26.37,4.046709,1.311586,0.43405,3.0,1.0,prob 29.78% < threshold 45.00% (Trending)
2026-04-01 14:30:00,SKIP,0.3669,0.6,0.4643,Trending,,range,0.0,0.0,0.0,0.0,0.45,1,61.9,46.84,32.29,28.65,4.73854,1.040025,0.716064,3.0,1.0,prob 36.69% < threshold 45.00% (Trending)
2026-04-01 14:45:00,SKIP,0.3669,0.6,0.4643,Trending,,range,0.0,0.0,0.0,0.0,0.45,1,61.9,46.84,32.29,28.65,4.98392,1.320057,0.443849,3.0,1.0,prob 36.69% < threshold 45.00% (Trending)
2026-04-01 15:00:00,SKIP,0.3998,0.7778,0.4643,Trending,,range,0.0,0.0,0.0,0.0,0.45,1,64.02,46.84,30.01,28.65,4.375144,1.361216,0.115145,3.0,1.0,prob 39.98% < threshold 45.00% (Trending)
2026-04-01 15:15:00,SKIP,0.2683,0.6,0.2857,Trending,,range,0.0,0.0,0.0,0.0,0.45,1,62.96,46.84,26.29,28.65,4.092615,1.415513,-0.431746,1.0,1.0,prob 26.83% < threshold 45.00% (Trending)
2026-04-01 15:30:00,SKIP,0.3326,0.6,0.303,Trending,,range,0.0,0.0,0.0,0.0,0.45,1,62.96,46.84,26.29,28.65,4.931256,1.304866,-0.154484,1.0,1.0,prob 33.26% < threshold 45.00% (Trending)
2026-04-01 15:45:00,SKIP,0.2683,0.6,0.2857,Trending,,range,0.0,0.0,0.0,0.0,0.45,1,62.92,46.84,26.2,28.65,4.893943,1.349586,-0.542401,1.0,1.0,prob 26.83% < threshold 45.00% (Trending)
2026-04-01 16:00:00,SKIP,0.3123,0.3333,0.3947,Ranging,,,0.0,0.48,0.0,0.0,0.48,0,61.5,50.21,20.09,27.49,4.35138,1.360709,-0.395786,1.0,1.0,prob 31.23% < threshold 48.00% (Ranging)
2026-04-01 16:15:00,BUY,0.4827,0.4324,0.5714,Volatile,,,0.0,0.42,0.0,0.0,0.42,0,61.5,50.21,19.28,26.95,2.840165,1.6408,-0.302515,1.0,1.0,prob=48.27% | model=combined(70%)+state(volatile)+dir(BUY)(30%) | state=Volatile | vol=normal | slot_wr=47.25%
2026-04-01 16:30:00,SKIP,0.4477,0.3333,0.375,Ranging,,,0.0,0.48,0.0,0.0,0.48,0,61.5,50.21,18.65,26.51,4.501388,1.579964,0.006173,1.0,1.0,prob 44.77% < threshold 48.00% (Ranging)
2026-04-01 16:45:00,BUY,0.5742,0.4667,0.75,Ranging,,,0.0,0.48,0.0,0.0,0.48,0,61.5,50.21,18.65,26.51,4.194445,1.572787,0.249062,3.0,1.0,prob=57.42% | model=combined(70%)+state(ranging)+dir(BUY)(30%) | state=Ranging | vol=normal | slot_wr=47.25%
2026-04-01 17:00:00,BUY,0.5148,0.4667,0.8,Ranging,,,0.0,0.48,0.0,0.0,0.48,0,60.27,50.21,16.67,26.51,3.737867,1.433289,0.330821,3.0,1.0,prob=51.48% | model=combined(70%)+state(ranging)+dir(BUY)(30%) | state=Ranging | vol=normal | slot_wr=56.41%
2026-04-01 17:15:00,BUY,0.6075,0.6469,0.7801,Ranging,,,0.0,0.48,0.0,0.0,0.48,0,60.73,50.21,18.47,26.19,1.956357,1.221897,0.229594,3.0,1.0,prob=60.75% | model=combined(70%)+state(ranging)+dir(BUY)(30%) | state=Ranging | vol=normal | slot_wr=56.41%
2026-04-01 17:30:00,BUY,0.5611,0.2615,1.0,Trending,,,0.0,0.45,0.0,0.0,0.45,0,60.85,50.21,19.04,26.1,4.186606,1.324105,0.476395,3.0,1.0,prob=56.11% | model=combined(70%)+state(trending)+dir(BUY)(30%) | state=Trending | vol=normal | slot_wr=56.41%
2026-04-01 17:45:00,BUY,0.5412,0.2615,0.8,Trending,,,0.0,0.45,0.0,0.0,0.45,0,61.66,50.33,23.22,26.67,3.533945,1.396196,0.617713,3.0,1.0,prob=54.12% | model=combined(70%)+state(trending)+dir(BUY)(30%) | state=Trending | vol=normal | slot_wr=56.41%
2026-04-01 18:00:00,BUY,0.4718,0.2615,0.75,Trending,,,0.0,0.45,0.0,0.0,0.45,0,62.17,50.46,24.29,27.63,3.386165,1.363436,0.686487,3.0,1.0,prob=47.18% | model=combined(70%)+state(trending)+dir(BUY)(30%) | state=Trending | vol=normal | slot_wr=36.07%
2026-04-01 18:15:00,BUY,0.4718,0.2615,0.75,Trending,,,0.0,0.45,0.0,0.0,0.45,0,62.25,50.49,24.8,27.87,1.424424,1.490118,0.64121,3.0,1.0,prob=47.18% | model=combined(70%)+state(trending)+dir(BUY)(30%) | state=Trending | vol=normal | slot_wr=36.07%
2026-04-01 18:30:00,BUY,0.5345,0.6,0.75,Trending,,,0.0,0.45,0.0,0.0,0.45,0,62.74,50.68,28.13,29.41,3.973742,1.267863,0.733403,3.0,1.0,prob=53.45% | model=combined(70%)+state(trending)+dir(BUY)(30%) | state=Trending | vol=normal | slot_wr=36.07%
2026-04-01 18:45:00,BUY,0.469,0.2615,0.7222,Trending,,,0.0,0.45,0.0,0.0,0.45,0,62.8,50.7,28.57,29.61,3.047675,1.455263,0.627881,3.0,1.0,prob=46.90% | model=combined(70%)+state(trending)+dir(BUY)(30%) | state=Trending | vol=normal | slot_wr=36.07%
2026-04-01 19:00:00,BUY,0.5611,0.2615,1.0,Trending,,,0.0,0.45,0.0,0.0,0.45,0,63.91,50.75,27.56,29.97,2.98389,1.501735,0.246741,3.0,1.0,prob=56.11% | model=combined(70%)+state(trending)+dir(BUY)(30%) | state=Trending | vol=normal | slot_wr=41.54%
2026-04-01 19:15:00,BUY,0.5362,0.2615,0.75,Trending,,,0.0,0.45,0.0,0.0,0.45,0,63.91,50.75,27.56,29.97,0.836949,1.566754,0.078527,3.0,1.0,prob=53.62% | model=combined(70%)+state(trending)+dir(BUY)(30%) | state=Trending | vol=normal | slot_wr=41.54%
2026-04-01 19:30:00,SKIP,0.4369,0.2615,0.4,Trending,,,0.0,0.45,0.0,0.0,0.45,0,63.91,50.75,27.56,29.97,3.73014,1.475865,0.222616,3.0,1.0,prob 43.69% < threshold 45.00% (Trending)
2026-04-01 19:45:00,BUY,0.5133,0.2615,0.7222,Trending,,,0.0,0.45,0.0,0.0,0.45,0,63.91,50.75,27.56,29.97,2.927051,1.517152,0.276568,3.0,1.0,prob=51.33% | model=combined(70%)+state(trending)+dir(BUY)(30%) | state=Trending | vol=normal | slot_wr=41.54%
2026-04-01 20:00:00,BUY,0.5334,0.2615,0.7222,Trending,,,0.0,0.45,0.0,0.0,0.45,0,64.99,54.17,27.85,30.07,2.927374,1.522353,0.290485,3.0,1.0,prob=53.34% | model=combined(70%)+state(trending)+dir(BUY)(30%) | state=Trending | vol=normal | slot_wr=43.64%
2026-04-01 20:15:00,BUY,0.4718,0.2615,0.75,Trending,,,0.0,0.45,0.0,0.0,0.45,0,64.99,54.17,27.28,29.78,1.626406,1.779053,0.142319,3.0,1.0,prob=47.18% | model=combined(70%)+state(trending)+dir(BUY)(30%) | state=Trending | vol=normal | slot_wr=43.64%
2026-04-01 20:30:00,SKIP,0.4404,0.2615,0.4643,Trending,,,0.0,0.45,0.0,0.0,0.45,0,64.99,54.17,26.4,29.33,4.148236,1.737757,-0.008782,3.0,1.0,prob 44.04% < threshold 45.00% (Trending)
2026-04-01 20:45:00,SKIP,0.4404,0.2615,0.4643,Trending,,,0.0,0.45,0.0,0.0,0.45,0,64.99,54.17,26.16,29.2,3.47082,1.734669,-0.32235,1.0,1.0,prob 44.04% < threshold 45.00% (Trending)
2026-04-01 21:00:00,SKIP,0.2849,0.3333,0.3226,Ranging,,,0.0,0.48,0.0,0.0,0.48,0,61.83,54.17,16.81,28.27,3.504626,1.624246,-0.351909,1.0,1.0,prob 28.49% < threshold 48.00% (Ranging)
2026-04-01 21:15:00,SKIP,0.3063,0.3333,0.3947,Ranging,,,0.0,0.48,0.0,0.0,0.48,0,60.48,54.17,13.25,27.89,1.396369,1.436615,-0.665123,1.0,1.0,prob 30.63% < threshold 48.00% (Ranging)
2026-04-01 21:30:00,SKIP,0.328,0.4333,0.3947,Ranging,,,0.0,0.48,0.0,0.0,0.48,0,58.5,54.17,7.42,27.24,2.926259,1.535824,-0.504049,1.0,1.0,prob 32.80% < threshold 48.00% (Ranging)
2026-04-01 21:45:00,SKIP,0.328,0.4333,0.3947,Ranging,,,0.0,0.48,0.0,0.0,0.48,0,58.5,54.17,7.42,27.24,1.62361,1.601111,-0.482684,1.0,1.0,prob 32.80% < threshold 48.00% (Ranging)
2026-04-01 22:00:00,SKIP,0.328,0.4333,0.3947,Ranging,,,0.0,0.48,0.0,0.0,0.48,0,52.88,54.17,6.9,27.24,1.53036,1.512695,-0.238169,-1.0,1.0,prob 32.80% < threshold 48.00% (Ranging)
2026-04-01 22:15:00,SKIP,0.4549,0.4333,0.3226,Ranging,,,0.0,0.48,0.0,0.0,0.48,0,52.88,54.17,6.77,27.24,-0.330176,1.557453,0.016931,-1.0,1.0,prob 45.49% < threshold 48.00% (Ranging)
2026-04-01 22:30:00,BUY,0.4979,0.4333,0.7222,Ranging,,,0.0,0.48,0.0,0.0,0.48,0,53.25,54.17,7.85,27.24,0.692493,1.344957,0.377013,1.0,1.0,prob=49.79% | model=combined(70%)+state(ranging)+dir(BUY)(30%) | state=Ranging | vol=normal | slot_wr=39.71%
2026-04-01 22:45:00,BUY,0.4829,0.4333,0.5714,Ranging,,,0.0,0.48,0.0,0.0,0.48,0,53.25,54.17,7.85,27.24,-0.679558,1.410969,0.232905,1.0,1.0,prob=48.29% | model=combined(70%)+state(ranging)+dir(BUY)(30%) | state=Ranging | vol=normal | slot_wr=39.71%
2026-04-01 23:00:00,SKIP,0.3296,0.4333,0.4,Ranging,,,0.0,0.48,0.0,0.0,0.48,0,48.7,54.17,7.58,27.24,-0.547899,1.439491,0.20383,1.0,1.0,prob 32.96% < threshold 48.00% (Ranging)
2026-04-01 23:15:00,SKIP,0.188,0.1972,0.2222,Ranging,,,0.0,0.48,0.0,0.0,0.48,0,48.7,54.17,7.44,27.24,-2.02808,1.475916,0.064892,1.0,1.0,prob 18.80% < threshold 48.00% (Ranging)
2026-04-01 23:30:00,SKIP,0.3031,0.3333,0.3226,Ranging,,,0.0,0.48,0.0,0.0,0.48,0,48.7,54.17,7.21,27.24,-1.350531,1.392444,-0.014179,1.0,1.0,prob 30.31% < threshold 48.00% (Ranging)
2026-04-01 23:45:00,SKIP,0.2817,0.1972,0.3226,Ranging,,,0.0,0.48,0.0,0.0,0.48,0,48.7,54.17,7.21,27.24,-2.882726,1.430754,-0.29993,-1.0,1.0,prob 28.17% < threshold 48.00% (Ranging)
2026-04-02 01:00:00,SKIP,0.3059,0.4333,0.2222,Ranging,,,0.0,0.48,0.0,0.0,0.48,0,44.24,57.14,5.66,26.66,-2.516732,1.435182,-0.173425,-1.0,1.0,prob 30.59% < threshold 48.00% (Ranging)
2026-04-02 01:15:00,SKIP,0.3111,0.3333,0.4,Ranging,,,0.0,0.48,0.0,0.0,0.48,0,45.34,57.14,8.29,25.8,-3.982973,1.651978,0.15511,-1.0,1.0,prob 31.11% < threshold 48.00% (Ranging)
2026-04-02 01:30:00,SKIP,0.4722,0.4333,0.4643,Ranging,,,0.0,0.48,0.0,0.0,0.48,0,46.23,57.14,11.26,25.41,-3.663726,1.613631,0.453749,1.0,1.0,prob 47.22% < threshold 48.00% (Ranging)
2026-04-02 01:45:00,BUY,0.4813,0.4667,0.4643,Ranging,,,0.0,0.48,0.0,0.0,0.48,0,46.35,57.14,11.68,25.36,-4.63776,1.610764,0.411839,1.0,1.0,prob=48.13% | model=combined(70%)+state(ranging)+dir(BUY)(30%) | state=Ranging | vol=normal | slot_wr=36.26%
2026-04-02 02:00:00,BUY,0.5622,0.59,0.7222,Ranging,,,0.0,0.48,0.0,0.0,0.48,0,45.39,57.14,15.19,24.85,-4.045726,1.508228,0.572517,3.0,1.0,prob=56.22% | model=combined(70%)+state(ranging)+dir(BUY)(30%) | state=Ranging | vol=normal | slot_wr=38.24%
2026-04-02 02:15:00,BUY,0.454,0.2615,0.5714,Trending,,,0.0,0.45,0.0,0.0,0.45,0,46.11,57.27,18.28,25.76,-4.25285,1.334,0.531709,3.0,1.0,prob=45.40% | model=combined(70%)+state(trending)+dir(BUY)(30%) | state=Trending | vol=normal | slot_wr=38.24%
2026-04-02 02:30:00,BUY,0.4582,0.2615,0.614,Trending,,,0.0,0.45,0.0,0.0,0.45,0,46.23,57.29,18.84,25.99,-3.552188,1.486016,0.379303,3.0,1.0,prob=45.82% | model=combined(70%)+state(trending)+dir(BUY)(30%) | state=Trending | vol=normal | slot_wr=38.24%
2026-04-02 02:45:00,BUY,0.5052,0.4667,0.7042,Ranging,,,0.0,0.48,0.0,0.0,0.48,0,46.23,57.29,18.84,25.99,-3.436785,1.560123,0.084108,3.0,1.0,prob=50.52% | model=combined(70%)+state(ranging)+dir(BUY)(30%) | state=Ranging | vol=normal | slot_wr=38.24%
2026-04-02 03:00:00,SKIP,0.4623,0.4667,0.303,Ranging,,,0.0,0.48,0.0,0.0,0.48,0,46.13,57.29,17.08,25.99,-2.870136,1.479434,-0.076089,1.0,1.0,prob 46.23% < threshold 48.00% (Ranging)
2026-04-02 03:15:00,SKIP,0.2864,0.2615,0.2857,Trending,,,0.0,0.45,0.0,0.0,0.45,0,46.13,57.29,16.64,25.99,-3.292361,1.518134,-0.06907,1.0,1.0,prob 28.64% < threshold 45.00% (Trending)
2026-04-02 03:30:00,SKIP,0.3182,0.4333,0.2857,Ranging,,,0.0,0.48,0.0,0.0,0.48,0,46.13,57.29,16.64,25.99,-2.713998,1.324963,-0.115054,1.0,1.0,prob 31.82% < threshold 48.00% (Ranging)
2026-04-02 03:45:00,SKIP,0.4623,0.4667,0.303,Ranging,,,0.0,0.48,0.0,0.0,0.48,0,46.13,57.29,16.64,25.99,-2.321593,1.384527,-0.177199,1.0,1.0,prob 46.23% < threshold 48.00% (Ranging)
2026-04-02 04:00:00,SELL,0.4903,0.6,0.3947,Volatile,,,0.0,0.42,0.0,0.0,0.42,0,42.52,55.91,-9.21,16.44,-1.860883,1.409599,-0.889279,1.0,1.0,prob=49.03% | model=combined(70%)+state(volatile)+dir(SELL)(30%) | state=Volatile | vol=normal | slot_wr=46.32%
2026-04-02 04:15:00,SELL,0.4932,0.6,0.3947,Volatile,,,0.0,0.42,0.0,0.0,0.42,0,45.19,52.2,-21.66,7.63,-4.985215,0.891644,-2.046168,1.0,1.0,prob=49.32% | model=combined(70%)+state(volatile)+dir(SELL)(30%) | state=Volatile | vol=normal | slot_wr=46.32%
2026-04-02 04:30:00,SELL,0.518,0.6,0.5882,Volatile,,,0.0,0.42,0.0,0.0,0.42,0,46.76,49.74,-30.85,0.28,-4.567626,-0.115058,-2.137488,1.0,1.0,prob=51.80% | model=combined(70%)+state(volatile)+dir(SELL)(30%) | state=Volatile | vol=normal | slot_wr=46.32%
2026-04-02 04:45:00,SELL,0.5247,0.6,0.6406,Volatile,,,0.0,0.42,0.0,0.0,0.42,0,46.76,49.74,-30.85,0.28,-2.698084,-0.83211,-1.59257,1.0,1.0,prob=52.47% | model=combined(70%)+state(volatile)+dir(SELL)(30%) | state=Volatile | vol=normal | slot_wr=46.32%
2026-04-02 05:00:00,SELL,0.5323,0.6,0.7,Volatile,,,0.0,0.42,0.0,0.0,0.42,0,47.3,49.74,-28.18,0.28,-2.707765,-0.805093,-1.085712,-1.0,1.0,prob=53.23% | model=combined(70%)+state(volatile)+dir(SELL)(30%) | state=Volatile | vol=normal | slot_wr=39.47%
2026-04-02 05:15:00,SELL,0.4917,0.4324,0.5882,Volatile,,,0.0,0.42,0.0,0.0,0.42,0,47.3,49.74,-28.18,0.28,-5.095731,-0.688827,-0.767923,-1.0,1.0,prob=49.17% | model=combined(70%)+state(volatile)+dir(SELL)(30%) | state=Volatile | vol=normal | slot_wr=39.47%
2026-04-02 05:30:00,SELL,0.5428,0.6667,0.7,Volatile,,,0.0,0.42,0.0,0.0,0.42,0,47.3,49.74,-26.12,0.28,-4.992961,-0.709336,-0.834518,-1.0,1.0,prob=54.28% | model=combined(70%)+state(volatile)+dir(SELL)(30%) | state=Volatile | vol=normal | slot_wr=39.47%
2026-04-02 05:45:00,SELL,0.518,0.6,0.5882,Volatile,,,0.0,0.42,0.0,0.0,0.42,0,47.3,49.74,-26.12,0.28,-3.378278,-0.722001,-0.472722,-1.0,1.0,prob=51.80% | model=combined(70%)+state(volatile)+dir(SELL)(30%) | state=Volatile | vol=normal | slot_wr=39.47%
2026-04-02 06:00:00,SKIP,0.326,0.4203,0.3947,Volatile,,,0.0,0.42,0.0,0.0,0.42,0,47.77,49.74,-24.87,0.28,-3.831649,-0.743907,-0.214883,-1.0,1.0,prob 32.60% < threshold 42.00% (Volatile)
2026-04-02 06:15:00,SKIP,0.3279,0.4324,0.3947,Volatile,,,0.0,0.42,0.0,0.0,0.42,0,47.77,49.74,-24.22,0.28,-5.780629,-0.889308,-0.068934,-1.0,1.0,prob 32.79% < threshold 42.00% (Volatile)
2026-04-02 06:30:00,SKIP,0.3262,0.4218,0.3947,Volatile,,,0.0,0.42,0.0,0.0,0.42,0,47.77,49.74,-24.22,0.28,-6.059746,-0.76385,-0.158929,-1.0,1.0,prob 32.62% < threshold 42.00% (Volatile)
2026-04-02 06:45:00,SELL,0.4864,0.4167,0.5882,Volatile,,,0.0,0.42,0.0,0.0,0.42,0,47.77,49.74,-24.06,0.28,-4.548998,-0.885042,-0.363907,-1.0,1.0,prob=48.64% | model=combined(70%)+state(volatile)+dir(SELL)(30%) | state=Volatile | vol=normal | slot_wr=26.76%
2026-04-02 07:00:00,SELL,0.4793,0.2615,0.7,Trending,,,0.0,0.45,0.0,0.0,0.45,0,48.72,49.74,-26.64,0.28,-5.342006,-0.964776,-0.524059,-1.0,1.0,prob=47.93% | model=combined(70%)+state(trending)+dir(SELL)(30%) | state=Trending | vol=normal | slot_wr=37.50%
2026-04-02 07:15:00,SELL,0.4793,0.2615,0.7,Trending,,,0.0,0.45,0.0,0.0,0.45,0,48.82,49.74,-27.24,0.28,-6.644789,-0.949605,-0.529938,-1.0,1.0,prob=47.93% | model=combined(70%)+state(trending)+dir(SELL)(30%) | state=Trending | vol=normal | slot_wr=37.50%
2026-04-02 07:30:00,SELL,0.4823,0.2808,0.7,Trending,,,0.0,0.45,0.0,0.0,0.45,0,48.99,49.74,-28.25,0.28,-7.08688,-1.057825,-0.522838,-1.0,1.0,prob=48.23% | model=combined(70%)+state(trending)+dir(SELL)(30%) | state=Trending | vol=normal | slot_wr=37.50%
2026-04-02 07:45:00,SKIP,0.4401,0.2615,0.3947,Trending,,,0.0,0.45,0.0,0.0,0.45,0,49.03,49.74,-28.53,0.28,-5.279551,-0.991526,-0.143754,-1.0,1.0,prob 44.01% < threshold 45.00% (Trending)
2026-04-02 08:00:00,SKIP,0.4372,0.2615,0.3947,Trending,,,0.0,0.45,0.0,0.0,0.45,0,50.13,43.19,-27.54,0.27,-6.296923,-1.003915,-0.091827,-3.0,-1.0,prob 43.72% < threshold 45.00% (Trending)
2026-04-02 08:15:00,SKIP,0.4372,0.2615,0.3947,Trending,,,0.0,0.45,0.0,0.0,0.45,0,50.13,43.19,-26.97,0.27,-4.866032,-0.880881,0.071959,-3.0,-1.0,prob 43.72% < threshold 45.00% (Trending)
2026-04-02 08:30:00,SELL,0.5399,0.6667,0.7,Volatile,,,0.0,0.42,0.0,0.0,0.42,0,51.2,44.31,-33.08,-3.97,-5.532826,-0.898906,-0.626386,-1.0,-1.0,prob=53.99% | model=combined(70%)+state(volatile)+dir(SELL)(30%) | state=Volatile | vol=normal | slot_wr=36.14%
2026-04-02 08:45:00,SKIP,0.388,0.6,0.5882,Volatile,,,0.0,0.42,0.0,0.0,0.42,0,52.23,46.26,-41.53,-11.38,-3.923711,-1.188803,-1.816752,-3.0,-1.0,prob 38.80% < threshold 42.00% (Volatile)
2026-04-02 09:00:00,SKIP,0.3527,0.4324,0.5882,Volatile,,,0.0,0.42,0.0,0.0,0.42,0,55.57,47.35,-45.82,-16.22,-4.123486,-1.872734,-2.110362,-3.0,-1.0,prob 35.27% < threshold 42.00% (Volatile)
2026-04-02 09:15:00,SKIP,0.2849,0.0,0.5882,Volatile,,,0.0,0.42,0.0,0.0,0.42,0,55.57,47.35,-45.54,-16.22,-2.559123,-2.236275,-1.426103,-3.0,-1.0,prob 28.49% < threshold 42.00% (Volatile)
2026-04-02 09:30:00,SKIP,0.2849,0.0,0.5882,Volatile,,,0.0,0.42,0.0,0.0,0.42,0,55.57,47.35,-45.54,-16.22,-3.143988,-1.983041,-0.836656,-3.0,-1.0,prob 28.49% < threshold 42.00% (Volatile)
2026-04-02 09:45:00,SKIP,0.3254,0.4167,0.3947,Volatile,,,0.0,0.42,0.0,0.0,0.42,0,55.57,47.35,-44.25,-16.22,-1.544335,-1.938013,-0.295042,-3.0,-1.0,prob 32.54% < threshold 42.00% (Volatile)
2026-04-02 10:00:00,SKIP,0.3011,0.2615,0.3947,Trending,,,0.0,0.45,0.0,0.0,0.45,0,56.75,47.35,-36.73,-16.22,-1.690473,-1.593796,0.336822,-3.0,-1.0,prob 30.11% < threshold 45.00% (Trending)
2026-04-02 10:15:00,SKIP,0.2601,0.0,0.3947,Volatile,,,0.0,0.42,0.0,0.0,0.42,0,56.18,47.35,-34.67,-16.22,-0.416994,-1.573392,0.826713,-1.0,-1.0,prob 26.01% < threshold 42.00% (Volatile)
2026-04-02 10:30:00,SKIP,0.3279,0.4324,0.3947,Volatile,,,0.0,0.42,0.0,0.0,0.42,0,54.71,47.35,-29.18,-16.22,-0.925781,-1.559704,1.025778,-1.0,-1.0,prob 32.79% < threshold 42.00% (Volatile)
2026-04-02 10:45:00,SKIP,0.327,0.4269,0.3947,Volatile,,,0.0,0.42,0.0,0.0,0.42,0,53.81,47.35,-25.61,-16.22,0.431067,-1.479924,0.837119,-1.0,-1.0,prob 32.70% < threshold 42.00% (Volatile)
2026-04-02 11:00:00,SKIP,0.3279,0.4324,0.3947,Volatile,,,0.0,0.42,0.0,0.0,0.42,0,52.28,47.35,-24.07,-16.22,-0.890485,-1.462023,0.637392,-1.0,-1.0,prob 32.79% < threshold 42.00% (Volatile)
2026-04-02 11:15:00,SKIP,0.2601,0.0,0.3947,Volatile,,,0.0,0.42,0.0,0.0,0.42,0,52.28,47.35,-24.07,-16.22,0.528404,-1.609107,0.226918,-1.0,-1.0,prob 26.01% < threshold 42.00% (Volatile)
2026-04-02 11:30:00,SKIP,0.2601,0.0,0.3947,Volatile,,,0.0,0.42,0.0,0.0,0.42,0,52.28,47.35,-24.07,-16.22,0.210722,-1.399395,0.091739,-1.0,-1.0,prob 26.01% < threshold 42.00% (Volatile)
2026-04-02 11:45:00,SKIP,0.2849,0.0,0.5882,Volatile,,,0.0,0.42,0.0,0.0,0.42,0,52.28,47.35,-23.26,-16.22,1.514619,-1.448174,-0.174553,-1.0,-1.0,prob 28.49% < threshold 42.00% (Volatile)
2026-04-02 12:00:00,SKIP,0.1974,0.2615,0.2167,Trending,,range,0.0,0.0,0.0,0.0,0.45,1,51.15,45.28,-23.71,-15.84,-0.595195,-1.572879,-0.441964,-3.0,-1.0,prob 19.74% < threshold 45.00% (Trending)
2026-04-02 12:15:00,SKIP,0.1974,0.2615,0.2167,Trending,,range,0.0,0.0,0.0,0.0,0.45,1,51.15,45.28,-23.21,-15.64,1.299126,-1.787856,-0.398465,-3.0,-1.0,prob 19.74% < threshold 45.00% (Trending)
2026-04-02 12:30:00,SKIP,0.1974,0.2615,0.2167,Trending,,range,0.0,0.0,0.0,0.0,0.45,1,51.15,45.28,-23.21,-15.64,1.233674,-1.70795,-0.235236,-3.0,-1.0,prob 19.74% < threshold 45.00% (Trending)
2026-04-02 12:45:00,SKIP,0.1758,0.2615,0.2857,Trending,,range,0.0,0.0,0.0,0.0,0.45,1,51.15,45.28,-23.21,-15.64,2.128409,-1.680152,-0.225363,-3.0,-1.0,prob 17.58% < threshold 45.00% (Trending)
2026-04-02 13:00:00,SKIP,0.2073,0.2615,0.303,Trending,,range,0.0,0.0,0.0,0.0,0.45,1,49.76,45.28,-20.77,-15.55,-1.52329,-1.729764,-0.075841,-3.0,-1.0,prob 20.73% < threshold 45.00% (Trending|post-news✅)
2026-04-02 13:15:00,SKIP,0.1974,0.2615,0.2167,Trending,,range,0.0,0.0,0.0,0.0,0.45,1,50.62,45.28,-23.88,-15.29,0.236548,-2.076541,-0.216927,-3.0,-1.0,prob 19.74% < threshold 45.00% (Trending)
2026-04-02 13:30:00,SKIP,0.2056,0.2615,0.2857,Trending,,range,0.0,0.0,0.0,0.0,0.45,1,50.62,45.28,-23.88,-15.29,0.47764,-1.841395,-0.092315,-3.0,-1.0,prob 20.56% < threshold 45.00% (Trending)
2026-04-02 13:45:00,SKIP,0.1974,0.2615,0.2167,Trending,,range,0.0,0.0,0.0,0.0,0.45,1,50.62,45.28,-23.88,-15.29,1.710126,-1.799584,-0.174415,-3.0,-1.0,prob 19.74% < threshold 45.00% (Trending)
2026-04-02 14:00:00,SKIP,0.2056,0.2615,0.2857,Trending,,range,0.0,0.0,0.0,0.0,0.45,1,50.16,45.28,-22.73,-15.29,-2.634751,-1.479953,-0.022019,-3.0,-1.0,prob 20.56% < threshold 45.00% (Trending)
2026-04-02 14:15:00,SKIP,0.1974,0.2615,0.2167,Trending,,range,0.0,0.0,0.0,0.0,0.45,1,50.16,45.28,-22.47,-15.29,-0.544062,-1.461006,-0.297059,-3.0,-1.0,prob 19.74% < threshold 45.00% (Trending)
2026-04-02 14:30:00,SKIP,0.1974,0.2615,0.2167,Trending,,range,0.0,0.0,0.0,0.0,0.45,1,50.71,45.28,-24.64,-14.98,-0.224391,-1.448297,-0.620404,-3.0,-1.0,prob 19.74% < threshold 45.00% (Trending)
2026-04-02 14:45:00,SKIP,0.2056,0.2615,0.2857,Trending,,range,0.0,0.0,0.0,0.0,0.45,1,50.71,45.28,-24.64,-14.98,1.717526,-1.374215,-0.618435,-3.0,-1.0,prob 20.56% < threshold 45.00% (Trending)
2026-04-02 15:00:00,SKIP,0.1974,0.2615,0.2167,Trending,,range,0.0,0.0,0.0,0.0,0.45,1,50.8,45.28,-23.03,-14.98,-2.004649,-1.357593,-0.251695,-3.0,-1.0,prob 19.74% < threshold 45.00% (Trending)
2026-04-02 15:15:00,SKIP,0.2699,0.2615,0.303,Trending,,range,0.0,0.0,0.0,0.0,0.45,1,50.8,45.28,-21.68,-14.98,-0.024687,-1.494171,0.171431,-3.0,-1.0,prob 26.99% < threshold 45.00% (Trending)
2026-04-02 15:30:00,SKIP,0.2978,0.2615,0.4,Trending,,range,0.0,0.0,0.0,0.0,0.45,1,50.8,45.28,-21.68,-14.98,0.405586,-1.299438,0.450088,-1.0,-1.0,prob 29.78% < threshold 45.00% (Trending)
2026-04-02 15:45:00,SKIP,0.2682,0.2615,0.2857,Trending,,range,0.0,0.0,0.0,0.0,0.45,1,50.8,45.28,-21.68,-14.98,2.118603,-1.344733,-0.039484,-1.0,-1.0,prob 26.82% < threshold 45.00% (Trending)
2026-04-02 16:00:00,SELL,0.465,0.2615,0.5882,Trending,,,0.0,0.45,0.0,0.0,0.45,0,51.6,43.93,-23.95,-16.32,-1.419554,-1.46053,-0.813778,-3.0,-1.0,prob=46.50% | model=combined(70%)+state(trending)+dir(SELL)(30%) | state=Trending | vol=normal | slot_wr=47.25%
2026-04-02 16:15:00,SELL,0.465,0.2615,0.5882,Trending,,,0.0,0.45,0.0,0.0,0.45,0,51.6,43.93,-23.95,-16.32,0.587739,-1.660152,-0.592969,-3.0,-1.0,prob=46.50% | model=combined(70%)+state(trending)+dir(SELL)(30%) | state=Trending | vol=normal | slot_wr=47.25%
2026-04-02 16:30:00,SELL,0.465,0.2615,0.5882,Trending,,,0.0,0.45,0.0,0.0,0.45,0,51.6,43.93,-23.95,-16.32,1.081264,-1.585953,-0.385483,-3.0,-1.0,prob=46.50% | model=combined(70%)+state(trending)+dir(SELL)(30%) | state=Trending | vol=normal | slot_wr=47.25%
2026-04-02 16:45:00,BUY,0.5007,0.4324,0.7222,Volatile,,,0.0,0.42,0.0,0.0,0.42,0,47.57,42.29,-10.53,-10.08,2.464818,-1.560142,0.77558,-3.0,-1.0,prob=50.07% | model=combined(70%)+state(volatile)+dir(BUY)(30%) | state=Volatile | vol=normal | slot_wr=47.25%
2026-04-02 17:00:00,BUY,0.5317,0.6,0.7222,Volatile,,,0.0,0.42,0.0,0.0,0.42,0,43.63,41.76,-6.96,-8.47,-1.803118,-1.60982,1.317827,1.0,-1.0,prob=53.17% | model=combined(70%)+state(volatile)+dir(BUY)(30%) | state=Volatile | vol=normal | slot_wr=56.41%
2026-04-02 17:15:00,BUY,0.5964,0.6014,0.7222,Volatile,,,0.0,0.42,0.0,0.0,0.42,0,41.73,40.78,-1.58,-5.35,-0.043785,-1.837511,1.538146,1.0,-1.0,prob=59.64% | model=combined(70%)+state(volatile)+dir(BUY)(30%) | state=Volatile | vol=normal | slot_wr=56.41%
2026-04-02 17:30:00,BUY,0.6085,0.6667,0.7222,Volatile,,,0.0,0.42,0.0,0.0,0.42,0,42.76,39.56,5.26,-1.17,-0.395538,-1.619585,1.72646,1.0,-1.0,prob=60.85% | model=combined(70%)+state(volatile)+dir(BUY)(30%) | state=Volatile | vol=normal | slot_wr=56.41%
2026-04-02 17:45:00,BUY,0.5961,0.6,0.7222,Volatile,,,0.0,0.42,0.0,0.0,0.42,0,42.76,39.56,5.26,-1.17,-0.199835,-1.301467,1.114656,1.0,-1.0,prob=59.61% | model=combined(70%)+state(volatile)+dir(BUY)(30%) | state=Volatile | vol=normal | slot_wr=56.41%
2026-04-02 18:00:00,SKIP,0.3948,0.0,0.4643,Volatile,,,0.0,0.42,0.0,0.0,0.42,0,38.6,39.56,4.99,-1.17,-3.903637,-1.309014,0.603794,1.0,-1.0,prob 39.48% < threshold 42.00% (Volatile|post-news✅)
2026-04-02 18:15:00,SKIP,0.383,0.0,0.375,Volatile,,,0.0,0.42,0.0,0.0,0.42,0,38.6,39.56,4.86,-1.17,-2.171476,-1.425371,0.3036,1.0,-1.0,prob 38.30% < threshold 42.00% (Volatile)
2026-04-02 18:30:00,SKIP,0.238,0.0,0.2857,Volatile,,,0.0,0.42,0.0,0.0,0.42,0,38.6,39.56,4.86,-1.17,-2.522793,-1.326317,0.065319,1.0,-1.0,EIA 0-15min after — spread too wide
2026-04-02 18:45:00,SKIP,0.238,0.0,0.2857,Volatile,,,0.0,0.42,0.0,0.0,0.42,0,38.6,39.56,4.78,-1.17,-2.835941,-1.409458,-0.040596,1.0,-1.0,prob 23.80% < threshold 42.00% (Volatile)
2026-04-02 19:00:00,BUY,0.4542,0.4324,0.2857,Volatile,,,0.0,0.42,0.0,0.0,0.42,0,34.45,39.56,3.02,-1.17,-6.057053,-1.443795,-0.534652,-1.0,-1.0,prob=45.42% | model=combined(70%)+state(volatile)+dir(BUY)(30%) | state=Volatile | vol=normal | slot_wr=41.54%
2026-04-02 19:15:00,SKIP,0.3541,0.6,0.3947,Volatile,,,0.0,0.42,0.0,0.0,0.42,0,33.88,39.56,1.34,-1.17,-4.347694,-1.37269,-0.485278,-1.0,-1.0,prob 35.41% < threshold 42.00% (Volatile)
2026-04-02 19:30:00,BUY,0.4542,0.4324,0.2857,Volatile,,,0.0,0.42,0.0,0.0,0.42,0,33.88,39.56,1.33,-1.17,-4.495121,-1.435688,-0.256807,-1.0,-1.0,prob=45.42% | model=combined(70%)+state(volatile)+dir(BUY)(30%) | state=Volatile | vol=normal | slot_wr=41.54%
2026-04-02 19:45:00,BUY,0.456,0.4324,0.303,Volatile,,,0.0,0.42,0.0,0.0,0.42,0,33.88,39.56,1.33,-1.17,-4.92875,-1.265117,-0.100493,-1.0,-1.0,prob=45.60% | model=combined(70%)+state(volatile)+dir(BUY)(30%) | state=Volatile | vol=normal | slot_wr=41.54%
2026-04-02 20:00:00,SKIP,0.2563,0.1972,0.2857,Ranging,,range,0.0,0.0,0.0,0.0,0.48,1,29.8,34.61,1.27,-1.15,-7.788724,-1.280619,0.002311,-1.0,-1.0,prob 25.63% < threshold 48.00% (Ranging)
2026-04-02 20:15:00,SKIP,0.1652,0.1972,0.0,Ranging,,range,0.0,0.0,0.0,0.0,0.48,1,29.8,34.61,1.25,-1.13,-6.434291,-1.223273,-0.256712,-1.0,-1.0,prob 16.52% < threshold 48.00% (Ranging)
2026-04-02 20:30:00,SKIP,0.1571,0.0,0.2857,Ranging,,range,0.0,0.0,0.0,0.0,0.48,1,29.8,34.61,1.22,-1.13,-6.517475,-1.260116,-0.13015,-1.0,-1.0,prob 15.71% < threshold 48.00% (Ranging)
2026-04-02 20:45:00,SKIP,0.188,0.1972,0.2222,Ranging,,range,0.0,0.0,0.0,0.0,0.48,1,29.8,34.61,1.23,-1.12,-7.096252,-1.118896,-0.327881,-1.0,-1.0,prob 18.80% < threshold 48.00% (Ranging)
2026-04-02 21:00:00,SKIP,0.1467,0.125,0.22,Ranging,,range,0.0,0.0,0.0,0.0,0.48,1,26.26,34.61,1.17,-1.12,-8.543645,-1.220893,-0.194171,-1.0,-1.0,prob 14.67% < threshold 48.00% (Ranging)
2026-04-02 21:15:00,SKIP,0.1463,0.125,0.2167,Ranging,,range,0.0,0.0,0.0,0.0,0.48,1,26.26,34.61,1.17,-1.12,-7.17164,-1.094859,-0.194835,-1.0,-1.0,prob 14.63% < threshold 48.00% (Ranging)
2026-04-02 21:30:00,SKIP,0.1803,0.125,0.2857,Ranging,,range,0.0,0.0,0.0,0.0,0.48,1,26.26,34.61,1.15,-1.12,-6.326891,-1.146781,0.062807,-1.0,-1.0,prob 18.03% < threshold 48.00% (Ranging)
2026-04-02 21:45:00,SKIP,0.2745,0.1972,0.2857,Ranging,,range,0.0,0.0,0.0,0.0,0.48,1,26.73,34.61,2.44,-1.12,-6.239852,-1.208505,0.423225,1.0,-1.0,prob 27.45% < threshold 48.00% (Ranging)
2026-04-02 22:00:00,SKIP,0.3014,0.3333,0.303,Ranging,,range,0.0,0.0,0.0,0.0,0.48,1,25.31,34.61,6.06,-1.1,-7.798225,-1.215513,0.520783,1.0,-1.0,prob 30.14% < threshold 48.00% (Ranging)
2026-04-02 22:15:00,SKIP,0.2997,0.3333,0.2857,Ranging,,range,0.0,0.0,0.0,0.0,0.48,1,25.31,34.61,5.97,-1.1,-7.087271,-1.323559,0.194785,1.0,-1.0,prob 29.97% < threshold 48.00% (Ranging)
2026-04-02 22:30:00,SKIP,0.3014,0.3333,0.303,Ranging,,range,0.0,0.0,0.0,0.0,0.48,1,25.31,34.61,5.9,-1.1,-6.192672,-1.23158,0.077231,1.0,-1.0,prob 30.14% < threshold 48.00% (Ranging)
2026-04-02 22:45:00,SKIP,0.3014,0.3333,0.303,Ranging,,range,0.0,0.0,0.0,0.0,0.48,1,25.31,34.61,5.9,-1.1,-6.133135,-1.308782,0.187427,1.0,-1.0,prob 30.14% < threshold 48.00% (Ranging)
2026-04-02 23:00:00,SKIP,0.2061,0.2548,0.303,Trending,,range,0.0,0.0,0.0,0.0,0.45,1,24.08,34.61,5.78,-1.1,-7.453741,-1.340667,0.226934,1.0,-1.0,prob 20.61% < threshold 45.00% (Trending)
2026-04-02 23:15:00,SKIP,0.2563,0.1972,0.2857,Ranging,,range,0.0,0.0,0.0,0.0,0.48,1,24.08,34.61,5.6,-1.1,-7.008929,-1.274641,0.079516,1.0,-1.0,prob 25.63% < threshold 48.00% (Ranging)
2026-04-02 23:30:00,SKIP,0.2834,0.1972,0.375,Ranging,,range,0.0,0.0,0.0,0.0,0.48,1,24.08,34.61,5.6,-1.1,-6.429623,-1.333139,-0.14169,-1.0,-1.0,prob 28.34% < threshold 48.00% (Ranging)
2026-04-02 23:45:00,SKIP,0.2745,0.1972,0.2857,Ranging,,range,0.0,0.0,0.0,0.0,0.48,1,24.08,34.61,5.6,-1.1,-6.389046,-1.174751,0.014592,-1.0,-1.0,prob 27.45% < threshold 48.00% (Ranging)
2026-04-06 01:00:00,SELL,0.4932,0.6,0.3947,Volatile,,,0.0,0.42,0.0,0.0,0.42,0,25.03,31.98,-14.2,-6.85,-7.401794,-1.189146,-0.792648,1.0,-1.0,prob=49.32% | model=combined(70%)+state(volatile)+dir(SELL)(30%) | state=Volatile | vol=normal | slot_wr=36.26%
2026-04-06 01:15:00,SELL,0.4669,0.4324,0.3947,Volatile,,,0.0,0.42,0.0,0.0,0.42,0,25.03,31.98,-14.2,-6.85,-5.714274,-1.135897,-0.844142,-1.0,-1.0,prob=46.69% | model=combined(70%)+state(volatile)+dir(SELL)(30%) | state=Volatile | vol=normal | slot_wr=36.26%
2026-04-06 01:30:00,SKIP,0.4401,0.2615,0.3947,Trending,,,0.0,0.45,0.0,0.0,0.45,0,25.03,31.98,-14.2,-6.85,-5.419899,-1.170108,-0.667791,-1.0,-1.0,prob 44.01% < threshold 45.00% (Trending)
2026-04-06 01:45:00,SELL,0.4932,0.6,0.3947,Volatile,,,0.0,0.42,0.0,0.0,0.42,0,25.43,32.23,-15.96,-7.82,-5.30828,-1.038975,-0.261884,-1.0,-1.0,prob=49.32% | model=combined(70%)+state(volatile)+dir(SELL)(30%) | state=Volatile | vol=normal | slot_wr=36.26%
2026-04-06 02:00:00,SELL,0.464,0.4324,0.3947,Volatile,,,0.0,0.42,0.0,0.0,0.42,0,26.61,32.23,-14.5,-7.82,-5.687967,-1.526468,-0.420899,-3.0,-1.0,prob=46.40% | model=combined(70%)+state(volatile)+dir(SELL)(30%) | state=Volatile | vol=normal | slot_wr=38.24%
2026-04-06 02:15:00,SELL,0.4917,0.4324,0.5882,Volatile,,,0.0,0.42,0.0,0.0,0.42,0,26.61,32.23,-13.6,-7.82,-4.375096,-1.606144,-0.916052,-3.0,-1.0,prob=49.17% | model=combined(70%)+state(volatile)+dir(SELL)(30%) | state=Volatile | vol=normal | slot_wr=38.24%
2026-04-06 02:30:00,SELL,0.465,0.2615,0.5882,Trending,,,0.0,0.45,0.0,0.0,0.45,0,26.84,32.36,-14.45,-8.33,-4.475834,-1.64929,-0.975852,-3.0,-1.0,prob=46.50% | model=combined(70%)+state(trending)+dir(SELL)(30%) | state=Trending | vol=normal | slot_wr=38.24%
2026-04-06 02:45:00,SELL,0.465,0.2615,0.5882,Trending,,,0.0,0.45,0.0,0.0,0.45,0,26.84,32.36,-14.45,-8.33,-4.135286,-1.586579,-0.708433,-3.0,-1.0,prob=46.50% | model=combined(70%)+state(trending)+dir(SELL)(30%) | state=Trending | vol=normal | slot_wr=38.24%
2026-04-06 03:00:00,SKIP,0.2993,0.25,0.3947,Trending,,,0.0,0.45,0.0,0.0,0.45,0,28.05,32.36,-13.4,-8.33,-3.891465,-1.315505,-0.088219,-3.0,-1.0,prob 29.93% < threshold 45.00% (Trending)
2026-04-06 03:15:00,SKIP,0.4372,0.2615,0.3947,Trending,,,0.0,0.45,0.0,0.0,0.45,0,28.42,32.55,-14.59,-9.07,-2.490475,-1.294297,-0.123468,-1.0,-1.0,prob 43.72% < threshold 45.00% (Trending)
2026-04-06 03:30:00,SKIP,0.2908,0.196,0.3947,Trending,,,0.0,0.45,0.0,0.0,0.45,0,28.42,32.55,-14.59,-9.07,-2.630847,-1.221167,-0.144027,-3.0,-1.0,prob 29.08% < threshold 45.00% (Trending)
2026-04-06 03:45:00,SKIP,0.2601,0.0,0.3947,Trending,,,0.0,0.45,0.0,0.0,0.45,0,28.42,32.55,-14.59,-9.07,-2.259854,-1.153817,-0.076646,-3.0,-1.0,prob 26.01% < threshold 45.00% (Trending)
2026-04-06 04:00:00,SKIP,0.4644,0.3333,0.5714,Ranging,,,0.0,0.48,0.0,0.0,0.48,0,27.39,30.76,-8.25,-8.69,-1.762278,-1.175291,0.372143,-3.0,-1.0,prob 46.44% < threshold 48.00% (Ranging)
2026-04-06 04:15:00,SKIP,0.4722,0.4333,0.4643,Ranging,,,0.0,0.48,0.0,0.0,0.48,0,27.34,30.76,-8.05,-8.66,-1.113314,-1.349186,0.677762,-1.0,-1.0,prob 47.22% < threshold 48.00% (Ranging)
2026-04-06 04:30:00,SKIP,0.4722,0.4333,0.4643,Ranging,,,0.0,0.48,0.0,0.0,0.48,0,27.34,30.76,-8.05,-8.66,-1.467117,-1.15993,0.254836,-1.0,-1.0,prob 47.22% < threshold 48.00% (Ranging)
2026-04-06 04:45:00,SKIP,0.4722,0.4333,0.4643,Ranging,,,0.0,0.48,0.0,0.0,0.48,0,27.34,30.76,-8.05,-8.66,-1.107693,-1.327066,0.16584,-1.0,-1.0,prob 47.22% < threshold 48.00% (Ranging)
2026-04-06 05:00:00,SKIP,0.291,0.1972,0.3947,Ranging,,,0.0,0.48,0.0,0.0,0.48,0,26.4,30.76,-7.52,-8.66,-0.380109,-1.423795,0.330781,-1.0,-1.0,prob 29.10% < threshold 48.00% (Ranging)
2026-04-06 05:15:00,BUY,0.4858,0.4333,0.5714,Ranging,,,0.0,0.48,0.0,0.0,0.48,0,24.85,30.76,3.76,-8.19,-1.209655,-1.28661,0.855651,-1.0,-1.0,prob=48.58% | model=combined(70%)+state(ranging)+dir(BUY)(30%) | state=Ranging | vol=normal | slot_wr=39.47%
2026-04-06 05:30:00,SKIP,0.4751,0.4333,0.4643,Ranging,,,0.0,0.48,0.0,0.0,0.48,0,24.85,30.76,3.76,-8.19,-2.63272,-1.323201,0.616868,-1.0,-1.0,prob 47.51% < threshold 48.00% (Ranging)
2026-04-06 05:45:00,SKIP,0.4749,0.4667,0.4,Ranging,,,0.0,0.48,0.0,0.0,0.48,0,24.85,30.76,3.76,-8.19,-2.418895,-1.205499,0.401156,-1.0,-1.0,prob 47.49% < threshold 48.00% (Ranging)
2026-04-06 06:00:00,SKIP,0.246,0.1972,0.0,Ranging,,,0.0,0.48,0.0,0.0,0.48,0,22.7,30.76,3.48,-8.19,-1.844046,-1.543639,-0.085198,1.0,-1.0,prob 24.60% < threshold 48.00% (Ranging)
2026-04-06 06:15:00,SKIP,0.2997,0.3333,0.2857,Ranging,,,0.0,0.48,0.0,0.0,0.48,0,22.7,30.76,3.43,-8.19,-2.608374,-1.616464,-0.604378,-1.0,-1.0,prob 29.97% < threshold 48.00% (Ranging)
2026-04-06 06:30:00,SKIP,0.3098,0.4333,0.3947,Ranging,,,0.0,0.48,0.0,0.0,0.48,0,22.7,30.76,3.43,-8.19,-3.840937,-1.430706,-0.443321,-1.0,-1.0,prob 30.98% < threshold 48.00% (Ranging)
2026-04-06 06:45:00,SKIP,0.2663,0.1972,0.3446,Ranging,,,0.0,0.48,0.0,0.0,0.48,0,22.7,30.76,3.43,-8.19,-3.82096,-1.399203,-0.092528,-1.0,-1.0,prob 26.63% < threshold 48.00% (Ranging)
2026-04-06 07:00:00,BUY,0.507,0.4667,0.7222,Ranging,,,0.0,0.48,0.0,0.0,0.48,0,20.91,30.76,3.56,-8.19,-3.275738,-1.149223,0.331611,1.0,1.0,prob=50.70% | model=combined(70%)+state(ranging)+dir(BUY)(30%) | state=Ranging | vol=normal | slot_wr=37.50%
2026-04-06 07:15:00,BUY,0.5008,0.4333,0.7222,Ranging,,,0.0,0.48,0.0,0.0,0.48,0,20.91,30.76,3.56,-8.19,-3.862226,-1.130048,0.373689,1.0,-1.0,prob=50.08% | model=combined(70%)+state(ranging)+dir(BUY)(30%) | state=Ranging | vol=normal | slot_wr=37.50%
2026-04-06 07:30:00,BUY,0.492,0.4667,0.5714,Ranging,,,0.0,0.48,0.0,0.0,0.48,0,21.25,30.76,4.61,-8.19,-5.132515,-1.133941,0.307855,1.0,1.0,prob=49.20% | model=combined(70%)+state(ranging)+dir(BUY)(30%) | state=Ranging | vol=normal | slot_wr=37.50%
2026-04-06 07:45:00,BUY,0.4858,0.4333,0.5714,Ranging,,,0.0,0.48,0.0,0.0,0.48,0,22.26,30.76,7.98,-8.19,-5.22059,-1.071401,0.453114,1.0,-1.0,prob=48.58% | model=combined(70%)+state(ranging)+dir(BUY)(30%) | state=Ranging | vol=normal | slot_wr=37.50%
2026-04-06 08:00:00,BUY,0.5167,0.6,0.5714,Trending,,,0.0,0.45,0.0,0.0,0.45,0,23.63,28.82,14.63,-6.82,-4.790092,-1.091341,0.709839,1.0,-1.0,prob=51.67% | model=combined(70%)+state(trending)+dir(BUY)(30%) | state=Trending | vol=normal | slot_wr=36.14%
2026-04-06 08:15:00,BUY,0.4996,0.6,0.4,Trending,,,0.0,0.45,0.0,0.0,0.45,0,23.79,28.68,15.32,-6.41,-4.395929,-1.256486,0.505593,1.0,-1.0,prob=49.96% | model=combined(70%)+state(trending)+dir(BUY)(30%) | state=Trending | vol=normal | slot_wr=36.14%
2026-04-06 08:30:00,SKIP,0.4404,0.2615,0.4643,Trending,,,0.0,0.45,0.0,0.0,0.45,0,23.79,28.68,15.32,-6.41,-5.687681,-1.112329,0.23069,1.0,-1.0,prob 44.04% < threshold 45.00% (Trending)
2026-04-06 08:45:00,SKIP,0.3011,0.2615,0.3947,Trending,,,0.0,0.45,0.0,0.0,0.45,0,23.79,28.68,14.91,-6.32,-6.308557,-1.26607,-0.134397,1.0,-1.0,prob 30.11% < threshold 45.00% (Trending)
2026-04-06 09:00:00,SKIP,0.3187,0.4333,0.3226,Ranging,,,0.0,0.48,0.0,0.0,0.48,0,23.71,28.68,10.26,-6.22,-4.97515,-1.430373,-0.205246,-1.0,-1.0,prob 31.87% < threshold 48.00% (Ranging)
2026-04-06 09:15:00,SKIP,0.3332,0.4667,0.3947,Ranging,,,0.0,0.48,0.0,0.0,0.48,0,23.71,28.68,10.24,-6.22,-4.81473,-0.818227,-0.250748,-1.0,-1.0,prob 33.32% < threshold 48.00% (Ranging)
2026-04-06 09:30:00,SKIP,0.328,0.4333,0.3947,Ranging,,,0.0,0.48,0.0,0.0,0.48,0,23.71,28.68,10.24,-6.22,-5.186733,-1.114385,-0.211015,-1.0,-1.0,prob 32.80% < threshold 48.00% (Ranging)
2026-04-06 09:45:00,BUY,0.4829,0.4333,0.5714,Ranging,,,0.0,0.48,0.0,0.0,0.48,0,23.71,28.68,10.01,-6.22,-6.357222,-1.00498,0.046034,-1.0,-1.0,prob=48.29% | model=combined(70%)+state(ranging)+dir(BUY)(30%) | state=Ranging | vol=normal | slot_wr=36.00%
2026-04-06 10:00:00,SKIP,0.2941,0.3333,0.3947,Ranging,,,0.0,0.48,0.0,0.0,0.48,0,23.65,28.68,9.16,-6.22,-4.372363,-1.313105,0.009255,1.0,1.0,prob 29.41% < threshold 48.00% (Ranging)
2026-04-06 10:15:00,SKIP,0.2914,0.3749,0.3226,Ranging,,,0.0,0.48,0.0,0.0,0.48,0,23.65,28.68,9.04,-6.22,-4.031356,-1.382042,-0.303512,-1.0,-1.0,prob 29.14% < threshold 48.00% (Ranging)
2026-04-06 10:30:00,BUY,0.4829,0.4333,0.5714,Ranging,,,0.0,0.48,0.0,0.0,0.48,0,23.65,28.68,9.04,-6.22,-4.721567,-1.431298,-0.009551,-1.0,1.0,prob=48.29% | model=combined(70%)+state(ranging)+dir(BUY)(30%) | state=Ranging | vol=normal | slot_wr=32.65%
2026-04-06 10:45:00,BUY,0.469,0.2615,0.7222,Trending,,,0.0,0.45,0.0,0.0,0.45,0,25.61,27.99,16.65,-4.22,-6.396559,-1.422845,0.792003,1.0,1.0,prob=46.90% | model=combined(70%)+state(trending)+dir(BUY)(30%) | state=Trending | vol=normal | slot_wr=32.65%
2026-04-06 11:00:00,BUY,0.5317,0.6,0.7222,Trending,,,0.0,0.45,0.0,0.0,0.45,0,27.77,27.58,18.43,-2.96,-3.156558,-1.349977,0.86642,1.0,1.0,prob=53.17% | model=combined(70%)+state(trending)+dir(BUY)(30%) | state=Trending | vol=normal | slot_wr=29.73%
2026-04-06 11:15:00,BUY,0.5031,0.5266,0.5714,Trending,,,0.0,0.45,0.0,0.0,0.45,0,27.87,27.5,18.9,-2.7,-2.552235,-1.340703,0.758113,1.0,1.0,prob=50.31% | model=combined(70%)+state(trending)+dir(BUY)(30%) | state=Trending | vol=normal | slot_wr=29.73%
2026-04-06 11:30:00,BUY,0.469,0.2615,0.7222,Trending,,,0.0,0.45,0.0,0.0,0.45,0,27.87,27.5,18.9,-2.7,-3.401019,-1.23944,0.52221,1.0,1.0,prob=46.90% | model=combined(70%)+state(trending)+dir(BUY)(30%) | state=Trending | vol=normal | slot_wr=29.73%
2026-04-06 11:45:00,BUY,0.5167,0.6,0.5714,Trending,,,0.0,0.45,0.0,0.0,0.45,0,28.05,27.34,19.73,-2.22,-5.478517,-1.307109,0.410978,1.0,1.0,prob=51.67% | model=combined(70%)+state(trending)+dir(BUY)(30%) | state=Trending | vol=normal | slot_wr=29.73%
2026-04-06 12:00:00,SKIP,0.3491,0.6,0.2857,Trending,,range,0.0,0.0,0.0,0.0,0.45,1,30.57,24.02,21.53,-1.05,-1.66635,-1.294108,0.382442,3.0,1.0,prob 34.91% < threshold 45.00% (Trending)
2026-04-06 12:15:00,SKIP,0.3398,0.5495,0.2857,Trending,,range,0.0,0.0,0.0,0.0,0.45,1,30.6,23.99,21.68,-0.96,-1.181165,-1.216712,0.32152,3.0,1.0,prob 33.98% < threshold 45.00% (Trending)
2026-04-06 12:30:00,SKIP,0.2864,0.2615,0.2857,Trending,,range,0.0,0.0,0.0,0.0,0.45,1,30.8,23.8,22.74,-0.34,-2.044672,-1.312505,0.250133,3.0,1.0,prob 28.64% < threshold 45.00% (Trending)
2026-04-06 12:45:00,SKIP,0.2864,0.2615,0.2857,Trending,,range,0.0,0.0,0.0,0.0,0.45,1,30.8,23.8,22.22,-0.33,-3.926718,-1.117551,-0.018697,3.0,1.0,prob 28.64% < threshold 45.00% (Trending)
2026-04-06 13:00:00,SKIP,0.2864,0.2615,0.2857,Trending,,range,0.0,0.0,0.0,0.0,0.45,1,32.12,23.8,18.46,-0.33,-0.666365,-1.054117,-0.369926,1.0,1.0,prob 28.64% < threshold 45.00% (Trending)
2026-04-06 13:15:00,SKIP,0.2864,0.2615,0.2857,Trending,,range,0.0,0.0,0.0,0.0,0.45,1,32.12,23.8,18.46,-0.33,0.124618,-0.351365,-0.304437,1.0,1.0,prob 28.64% < threshold 45.00% (Trending)
2026-04-06 13:30:00,SKIP,0.2864,0.2615,0.2857,Trending,,range,0.0,0.0,0.0,0.0,0.45,1,32.12,23.8,18.46,-0.33,-0.963381,-0.579866,-0.121381,1.0,1.0,prob 28.64% < threshold 45.00% (Trending)
2026-04-06 13:45:00,SKIP,0.2864,0.2615,0.2857,Trending,,range,0.0,0.0,0.0,0.0,0.45,1,31.85,23.8,17.68,-0.33,-2.613877,-0.478194,-0.15661,1.0,1.0,prob 28.64% < threshold 45.00% (Trending)
2026-04-06 14:00:00,SKIP,0.2864,0.2615,0.2857,Trending,,range,0.0,0.0,0.0,0.0,0.45,1,32.75,23.8,16.9,-0.33,0.282831,-0.738841,-0.159342,1.0,1.0,prob 28.64% < threshold 45.00% (Trending)
2026-04-06 14:15:00,SKIP,0.2864,0.2615,0.2857,Trending,,range,0.0,0.0,0.0,0.0,0.45,1,32.75,23.8,16.58,-0.33,1.268238,-0.809378,-0.167347,1.0,1.0,prob 28.64% < threshold 45.00% (Trending)
2026-04-06 14:30:00,SKIP,0.2864,0.2615,0.2857,Trending,,range,0.0,0.0,0.0,0.0,0.45,1,32.75,23.8,16.58,-0.33,-0.02218,-0.84383,-0.236187,1.0,1.0,prob 28.64% < threshold 45.00% (Trending)
2026-04-06 14:45:00,SKIP,0.3031,0.3333,0.3226,Ranging,,range,0.0,0.0,0.0,0.0,0.48,1,31.11,23.8,11.85,-0.32,-1.461179,-0.897617,-0.352587,1.0,1.0,prob 30.31% < threshold 48.00% (Ranging)
2026-04-06 15:00:00,SKIP,0.2092,0.2499,0.3226,Ranging,,range,0.0,0.0,0.0,0.0,0.48,1,29.29,23.8,7.76,-0.32,0.150586,-0.933012,-0.469636,-1.0,-1.0,prob 20.92% < threshold 48.00% (Ranging)
2026-04-06 15:15:00,SKIP,0.2849,0.3333,0.3226,Ranging,,range,0.0,0.0,0.0,0.0,0.48,1,27.3,23.8,1.23,-0.31,0.763072,-1.033992,-0.516785,-1.0,-1.0,prob 28.49% < threshold 48.00% (Ranging)
2026-04-06 15:30:00,SKIP,0.1873,0.1972,0.2167,Ranging,,range,0.0,0.0,0.0,0.0,0.48,1,27.3,23.8,1.23,-0.31,-1.161358,-0.9641,-0.24603,-1.0,-1.0,prob 18.73% < threshold 48.00% (Ranging)
2026-04-06 15:45:00,SKIP,0.2499,0.1972,0.2167,Ranging,,range,0.0,0.0,0.0,0.0,0.48,1,27.3,23.8,1.23,-0.31,-2.428974,-1.027031,-0.114916,-1.0,-1.0,prob 24.99% < threshold 48.00% (Ranging)
2026-04-06 16:00:00,SKIP,0.2499,0.1972,0.2167,Ranging,,range,0.0,0.0,0.0,0.0,0.48,1,24.0,20.73,1.12,-0.3,-1.016129,-1.056725,-0.243897,-1.0,-1.0,prob 24.99% < threshold 48.00% (Ranging)
2026-04-06 16:15:00,SKIP,0.2278,0.1972,0.0,Ranging,,range,0.0,0.0,0.0,0.0,0.48,1,24.0,20.73,1.1,-0.3,-0.528679,-1.074919,-0.243467,-1.0,-1.0,prob 22.78% < threshold 48.00% (Ranging)
2026-04-06 16:30:00,SKIP,0.3031,0.3333,0.3226,Ranging,,range,0.0,0.0,0.0,0.0,0.48,1,24.0,20.73,1.1,-0.3,-2.443974,-1.170483,-0.287295,-1.0,-1.0,prob 30.31% < threshold 48.00% (Ranging)
2026-04-06 16:45:00,SKIP,0.2997,0.3333,0.2857,Ranging,,range,0.0,0.0,0.0,0.0,0.48,1,24.0,20.73,1.08,-0.29,-3.649349,-1.037726,0.080831,-1.0,-1.0,prob 29.97% < threshold 48.00% (Ranging)
2026-04-06 17:00:00,SKIP,0.2997,0.3333,0.2857,Ranging,,range,0.0,0.0,0.0,0.0,0.48,1,22.65,20.73,5.6,-0.29,-2.34192,-0.978823,0.226097,1.0,-1.0,prob 29.97% < threshold 48.00% (Ranging)
2026-04-06 17:15:00,SKIP,0.4376,0.3333,0.303,Ranging,,range,0.0,0.0,0.0,0.0,0.48,1,22.65,20.73,5.6,-0.29,-1.445372,-0.326268,0.512673,1.0,1.0,prob 43.76% < threshold 48.00% (Ranging)
2026-04-06 17:30:00,SKIP,0.3542,0.3333,0.303,Ranging,,range,0.0,0.0,0.0,0.0,0.48,1,23.56,20.73,8.77,-0.28,-3.075868,-0.538447,0.479968,1.0,1.0,prob 35.42% < threshold 48.00% (Ranging)
2026-04-06 17:45:00,SKIP,0.2997,0.3333,0.2857,Ranging,,range,0.0,0.0,0.0,0.0,0.48,1,23.56,20.73,8.77,-0.28,-3.893698,-0.444038,0.361409,1.0,1.0,prob 29.97% < threshold 48.00% (Ranging)
2026-04-06 18:00:00,SKIP,0.2094,0.3333,0.2222,Ranging,,range,0.0,0.0,0.0,0.0,0.48,1,23.18,20.73,7.76,-0.28,-2.675516,-0.686066,-0.214226,1.0,-1.0,prob 20.94% < threshold 48.00% (Ranging)
2026-04-06 18:15:00,SKIP,0.2223,0.3333,0.3226,Ranging,,range,0.0,0.0,0.0,0.0,0.48,1,22.19,21.04,5.14,-1.19,-1.972852,-0.751565,-0.490167,-1.0,-1.0,prob 22.23% < threshold 48.00% (Ranging)
2026-04-06 18:30:00,SKIP,0.2635,0.1972,0.3226,Ranging,,range,0.0,0.0,0.0,0.0,0.48,1,21.58,21.28,3.44,-1.89,-3.341629,-0.783557,-0.562961,-1.0,-1.0,prob 26.35% < threshold 48.00% (Ranging)
2026-04-06 18:45:00,SKIP,0.272,0.3333,0.2222,Ranging,,range,0.0,0.0,0.0,0.0,0.48,1,21.58,21.28,3.44,-1.89,-4.423522,-1.039008,-0.221809,-1.0,-1.0,prob 27.20% < threshold 48.00% (Ranging)
2026-04-06 19:00:00,SKIP,0.2895,0.3333,0.2167,Ranging,,range,0.0,0.0,0.0,0.0,0.48,1,19.85,21.28,3.28,-1.89,-3.007138,-1.053869,-0.091795,-1.0,-1.0,prob 28.95% < threshold 48.00% (Ranging)
2026-04-06 19:15:00,SKIP,0.1873,0.1972,0.2167,Ranging,,range,0.0,0.0,0.0,0.0,0.48,1,19.85,21.28,3.25,-1.89,-2.239985,-1.128649,-0.134676,-1.0,-1.0,prob 18.73% < threshold 48.00% (Ranging)
2026-04-06 19:30:00,SKIP,0.2278,0.1972,0.0,Ranging,,range,0.0,0.0,0.0,0.0,0.48,1,19.85,21.28,3.25,-1.89,-2.632804,-1.042365,-0.178882,-1.0,-1.0,prob 22.78% < threshold 48.00% (Ranging)
2026-04-06 19:45:00,SKIP,0.2499,0.1972,0.2167,Ranging,,range,0.0,0.0,0.0,0.0,0.48,1,19.85,21.28,3.18,-1.89,-3.831913,-1.098204,-0.239283,-1.0,-1.0,prob 24.99% < threshold 48.00% (Ranging)
2026-04-06 20:00:00,SKIP,0.2635,0.1972,0.3226,Ranging,,range,0.0,0.0,0.0,0.0,0.48,1,18.43,19.58,-3.71,-3.31,-2.560792,-1.125657,-0.37842,-1.0,-1.0,prob 26.35% < threshold 48.00% (Ranging)
2026-04-06 20:15:00,SKIP,0.2689,0.1972,0.2222,Ranging,,range,0.0,0.0,0.0,0.0,0.48,1,18.43,19.58,-3.71,-3.31,-2.241427,-1.243174,-0.279256,-1.0,-1.0,prob 26.89% < threshold 48.00% (Ranging)
2026-04-06 20:30:00,SKIP,0.2507,0.1972,0.2222,Ranging,,range,0.0,0.0,0.0,0.0,0.48,1,18.43,19.58,-3.71,-3.31,-2.298891,-1.072161,-0.191277,-1.0,-1.0,prob 25.07% < threshold 48.00% (Ranging)
2026-04-06 20:45:00,SKIP,0.272,0.3333,0.2222,Ranging,,range,0.0,0.0,0.0,0.0,0.48,1,18.43,19.58,-3.71,-3.31,-3.36105,-1.216344,-0.196367,-1.0,-1.0,prob 27.20% < threshold 48.00% (Ranging)
2026-04-06 21:00:00,SKIP,0.1652,0.1972,0.0,Ranging,,range,0.0,0.0,0.0,0.0,0.48,1,16.05,19.58,-0.23,-3.26,-2.609254,-1.164439,-0.048271,-1.0,-1.0,prob 16.52% < threshold 48.00% (Ranging)
2026-04-06 21:15:00,SKIP,0.1652,0.1972,0.0,Ranging,,range,0.0,0.0,0.0,0.0,0.48,1,16.05,19.58,-0.23,-3.26,-2.620022,-0.603132,0.01546,-1.0,1.0,prob 16.52% < threshold 48.00% (Ranging)
2026-04-06 21:30:00,SKIP,0.1873,0.1972,0.2167,Ranging,,range,0.0,0.0,0.0,0.0,0.48,1,16.05,19.58,-0.23,-3.26,-2.369761,-0.808642,-0.193951,-1.0,1.0,prob 18.73% < threshold 48.00% (Ranging)
2026-04-06 21:45:00,SKIP,0.1576,0.1972,0.2167,Ranging,,range,0.0,0.0,0.0,0.0,0.48,1,16.05,19.58,-0.23,-3.26,-3.562908,-0.725678,-0.024248,-1.0,-1.0,prob 15.76% < threshold 48.00% (Ranging)
2026-04-06 22:00:00,SKIP,0.2155,0.3333,0.2167,Ranging,,range,0.0,0.0,0.0,0.0,0.48,1,13.99,19.58,-0.22,-3.26,-3.122916,-0.933192,-0.18598,-1.0,-1.0,prob 21.55% < threshold 48.00% (Ranging)
2026-04-06 22:15:00,SKIP,0.2223,0.3333,0.3226,Ranging,,range,0.0,0.0,0.0,0.0,0.48,1,14.66,19.59,-2.15,-3.31,-3.311557,-0.990429,-0.198476,-1.0,-1.0,prob 22.23% < threshold 48.00% (Ranging)
2026-04-06 22:30:00,SKIP,0.2087,0.3333,0.2167,Ranging,,range,0.0,0.0,0.0,0.0,0.48,1,14.66,19.59,-2.15,-3.31,-2.989503,-0.935478,-0.164443,-1.0,-1.0,prob 20.87% < threshold 48.00% (Ranging)
2026-04-06 22:45:00,SKIP,0.1873,0.1972,0.2167,Ranging,,range,0.0,0.0,0.0,0.0,0.48,1,14.66,19.59,-2.15,-3.31,-3.223063,-1.096498,-0.008441,-1.0,-1.0,prob 18.73% < threshold 48.00% (Ranging)
2026-04-06 23:00:00,SKIP,0.1878,0.1658,0.2857,Ranging,,range,0.0,0.0,0.0,0.0,0.48,1,13.46,19.59,-2.08,-3.31,-3.3809,-0.858551,0.188873,1.0,-1.0,prob 18.78% < threshold 48.00% (Ranging)
2026-04-06 23:15:00,SKIP,0.1937,0.1972,0.2857,Ranging,,range,0.0,0.0,0.0,0.0,0.48,1,13.46,19.59,-2.06,-3.31,-3.667485,-0.925349,0.128074,1.0,-1.0,prob 19.37% < threshold 48.00% (Ranging)
2026-04-06 23:30:00,SKIP,0.1873,0.1972,0.2167,Ranging,,range,0.0,0.0,0.0,0.0,0.48,1,13.46,19.59,-2.05,-3.31,-3.39604,-1.098935,0.045484,1.0,-1.0,prob 18.73% < threshold 48.00% (Ranging)
2026-04-06 23:45:00,SKIP,0.1873,0.1972,0.2167,Ranging,,range,0.0,0.0,0.0,0.0,0.48,1,13.46,19.59,-2.02,-3.31,-2.907492,-1.081376,-0.165292,-1.0,-1.0,prob 18.73% < threshold 48.00% (Ranging)
